Identifier,Observation_Date,Median_Taxes,Median_Monthly_Housing_Cost,Data_Source_Link
201101,1/1/2011,3382,2507,https://www.census.gov/programs-surveys/acs/data.html
201201,1/1/2012,3519,2456,https://www.census.gov/programs-surveys/acs/data.html
201301,1/1/2013,3666,2435,https://www.census.gov/programs-surveys/acs/data.html
201401,1/1/2014,3925,2486,https://www.census.gov/programs-surveys/acs/data.html
201501,1/1/2015,4126,2501,https://www.census.gov/programs-surveys/acs/data.html
201601,1/1/2016,4395,2553,https://www.census.gov/programs-surveys/acs/data.html
201701,1/1/2017,4675,2579,https://www.census.gov/programs-surveys/acs/data.html
201801,1/1/2018,4935,2710,https://www.census.gov/programs-surveys/acs/data.html
201901,1/1/2019,5495,2798,https://www.census.gov/programs-surveys/acs/data.html
202001,1/1/2020,5097,2791,https://www.census.gov/programs-surveys/acs/data.html
202101,1/1/2021,5798,2848,https://www.census.gov/programs-surveys/acs/data.html
201102,1/1/2011,3777,2459,https://www.census.gov/programs-surveys/acs/data.html
201202,1/1/2012,3822,2396,https://www.census.gov/programs-surveys/acs/data.html
201302,1/1/2013,3985,2361,https://www.census.gov/programs-surveys/acs/data.html
201402,1/1/2014,4045,2381,https://www.census.gov/programs-surveys/acs/data.html
201502,1/1/2015,4309,2444,https://www.census.gov/programs-surveys/acs/data.html
201602,1/1/2016,4477,2506,https://www.census.gov/programs-surveys/acs/data.html
201702,1/1/2017,4670,2628,https://www.census.gov/programs-surveys/acs/data.html
201802,1/1/2018,5069,2702,https://www.census.gov/programs-surveys/acs/data.html
201902,1/1/2019,5398,2820,https://www.census.gov/programs-surveys/acs/data.html
202002,1/1/2020,5119,2819,https://www.census.gov/programs-surveys/acs/data.html
202102,1/1/2021,6044,2972,https://www.census.gov/programs-surveys/acs/data.html
201103,1/1/2011,3386,1856,https://www.census.gov/programs-surveys/acs/data.html
201203,1/1/2012,3663,1824,https://www.census.gov/programs-surveys/acs/data.html
201303,1/1/2013,3645,1756,https://www.census.gov/programs-surveys/acs/data.html
201403,1/1/2014,3624,1799,https://www.census.gov/programs-surveys/acs/data.html
201503,1/1/2015,3818,1817,https://www.census.gov/programs-surveys/acs/data.html
201603,1/1/2016,3833,1812,https://www.census.gov/programs-surveys/acs/data.html
201703,1/1/2017,4105,1843,https://www.census.gov/programs-surveys/acs/data.html
201803,1/1/2018,4565,1972,https://www.census.gov/programs-surveys/acs/data.html
201903,1/1/2019,4635,2007,https://www.census.gov/programs-surveys/acs/data.html
202003,1/1/2020,4495,2000,https://www.census.gov/programs-surveys/acs/data.html
202103,1/1/2021,4913,2029,https://www.census.gov/programs-surveys/acs/data.html
201104,1/1/2011,2984,1433,https://www.census.gov/programs-surveys/acs/data.html
201204,1/1/2012,2952,1437,https://www.census.gov/programs-surveys/acs/data.html
201304,1/1/2013,3144,1426,https://www.census.gov/programs-surveys/acs/data.html
201404,1/1/2014,3158,1459,https://www.census.gov/programs-surveys/acs/data.html
201504,1/1/2015,3464,1482,https://www.census.gov/programs-surveys/acs/data.html
201604,1/1/2016,3567,1509,https://www.census.gov/programs-surveys/acs/data.html
201704,1/1/2017,3744,1558,https://www.census.gov/programs-surveys/acs/data.html
201804,1/1/2018,3956,1653,https://www.census.gov/programs-surveys/acs/data.html
201904,1/1/2019,4516,1742,https://www.census.gov/programs-surveys/acs/data.html
202004,1/1/2020,3998,1691,https://www.census.gov/programs-surveys/acs/data.html
202104,1/1/2021,5066,1870,https://www.census.gov/programs-surveys/acs/data.html
201105,1/1/2011,1387,1356,https://www.census.gov/programs-surveys/acs/data.html
201205,1/1/2012,1340,1334,https://www.census.gov/programs-surveys/acs/data.html
201305,1/1/2013,1319,1270,https://www.census.gov/programs-surveys/acs/data.html
201405,1/1/2014,1343,1263,https://www.census.gov/programs-surveys/acs/data.html
201505,1/1/2015,1376,1363,https://www.census.gov/programs-surveys/acs/data.html
201605,1/1/2016,1447,1364,https://www.census.gov/programs-surveys/acs/data.html
201705,1/1/2017,1414,1378,https://www.census.gov/programs-surveys/acs/data.html
201805,1/1/2018,1551,1450,https://www.census.gov/programs-surveys/acs/data.html
201905,1/1/2019,1623,1465,https://www.census.gov/programs-surveys/acs/data.html
202005,1/1/2020,1556,1490,https://www.census.gov/programs-surveys/acs/data.html
202105,1/1/2021,1692,1583,https://www.census.gov/programs-surveys/acs/data.html
201106,1/1/2011,1377,1216,https://www.census.gov/programs-surveys/acs/data.html
201206,1/1/2012,1407,1207,https://www.census.gov/programs-surveys/acs/data.html
201306,1/1/2013,1476,1188,https://www.census.gov/programs-surveys/acs/data.html
201406,1/1/2014,1606,1217,https://www.census.gov/programs-surveys/acs/data.html
201506,1/1/2015,1591,1260,https://www.census.gov/programs-surveys/acs/data.html
201606,1/1/2016,1694,1236,https://www.census.gov/programs-surveys/acs/data.html
201706,1/1/2017,1745,1274,https://www.census.gov/programs-surveys/acs/data.html
201806,1/1/2018,1763,1243,https://www.census.gov/programs-surveys/acs/data.html
201906,1/1/2019,1885,1340,https://www.census.gov/programs-surveys/acs/data.html
202006,1/1/2020,1811,1343,https://www.census.gov/programs-surveys/acs/data.html
202106,1/1/2021,2008,1396,https://www.census.gov/programs-surveys/acs/data.html
201107,1/1/2011,2852,1222,https://www.census.gov/programs-surveys/acs/data.html
201207,1/1/2012,2908,1224,https://www.census.gov/programs-surveys/acs/data.html
201307,1/1/2013,2880,1211,https://www.census.gov/programs-surveys/acs/data.html
201407,1/1/2014,3027,1254,https://www.census.gov/programs-surveys/acs/data.html
201507,1/1/2015,3025,1264,https://www.census.gov/programs-surveys/acs/data.html
201607,1/1/2016,3261,1273,https://www.census.gov/programs-surveys/acs/data.html
201707,1/1/2017,3432,1327,https://www.census.gov/programs-surveys/acs/data.html
201807,1/1/2018,3731,1369,https://www.census.gov/programs-surveys/acs/data.html
201907,1/1/2019,3989,1469,https://www.census.gov/programs-surveys/acs/data.html
202007,1/1/2020,3768,1435,https://www.census.gov/programs-surveys/acs/data.html
202107,1/1/2021,4486,1524,https://www.census.gov/programs-surveys/acs/data.html
201108,1/1/2011,3205,2294,https://www.census.gov/programs-surveys/acs/data.html
201208,1/1/2012,3485,2318,https://www.census.gov/programs-surveys/acs/data.html
201308,1/1/2013,3474,2197,https://www.census.gov/programs-surveys/acs/data.html
201408,1/1/2014,3761,2245,https://www.census.gov/programs-surveys/acs/data.html
201508,1/1/2015,3975,2295,https://www.census.gov/programs-surveys/acs/data.html
201608,1/1/2016,4179,2339,https://www.census.gov/programs-surveys/acs/data.html
201708,1/1/2017,4544,2478,https://www.census.gov/programs-surveys/acs/data.html
201808,1/1/2018,4946,2650,https://www.census.gov/programs-surveys/acs/data.html
201908,1/1/2019,5059,2696,https://www.census.gov/programs-surveys/acs/data.html
202008,1/1/2020,4882,2659,https://www.census.gov/programs-surveys/acs/data.html
202108,1/1/2021,5987,2777,https://www.census.gov/programs-surveys/acs/data.html
201109,1/1/2011,3141,1433,https://www.census.gov/programs-surveys/acs/data.html
201209,1/1/2012,3137,1435,https://www.census.gov/programs-surveys/acs/data.html
201309,1/1/2013,3245,1441,https://www.census.gov/programs-surveys/acs/data.html
201409,1/1/2014,3468,1449,https://www.census.gov/programs-surveys/acs/data.html
201509,1/1/2015,3509,1477,https://www.census.gov/programs-surveys/acs/data.html
201609,1/1/2016,3551,1490,https://www.census.gov/programs-surveys/acs/data.html
201709,1/1/2017,4183,1592,https://www.census.gov/programs-surveys/acs/data.html
201809,1/1/2018,4262,1691,https://www.census.gov/programs-surveys/acs/data.html
201909,1/1/2019,4836,1800,https://www.census.gov/programs-surveys/acs/data.html
202009,1/1/2020,4557,1743,https://www.census.gov/programs-surveys/acs/data.html
202109,1/1/2021,5874,1902,https://www.census.gov/programs-surveys/acs/data.html
201110,1/1/2011,5200,2754,https://www.census.gov/programs-surveys/acs/data.html
201210,1/1/2012,5435,2694,https://www.census.gov/programs-surveys/acs/data.html
201310,1/1/2013,5628,2660,https://www.census.gov/programs-surveys/acs/data.html
201410,1/1/2014,5834,2639,https://www.census.gov/programs-surveys/acs/data.html
201510,1/1/2015,6324,2704,https://www.census.gov/programs-surveys/acs/data.html
201610,1/1/2016,6974,2906,https://www.census.gov/programs-surveys/acs/data.html
201710,1/1/2017,7510,3069,https://www.census.gov/programs-surveys/acs/data.html
201810,1/1/2018,8046,3171,https://www.census.gov/programs-surveys/acs/data.html
201910,1/1/2019,8729,3350,https://www.census.gov/programs-surveys/acs/data.html
202010,1/1/2020,8257,3323,https://www.census.gov/programs-surveys/acs/data.html
202110,1/1/2021,9868,3490,https://www.census.gov/programs-surveys/acs/data.html
201111,1/1/2011,4361,1682,https://www.census.gov/programs-surveys/acs/data.html
201211,1/1/2012,4563,1665,https://www.census.gov/programs-surveys/acs/data.html
201311,1/1/2013,4707,1698,https://www.census.gov/programs-surveys/acs/data.html
201411,1/1/2014,5074,1740,https://www.census.gov/programs-surveys/acs/data.html
201511,1/1/2015,5196,1783,https://www.census.gov/programs-surveys/acs/data.html
201611,1/1/2016,5648,1857,https://www.census.gov/programs-surveys/acs/data.html
201711,1/1/2017,5900,1919,https://www.census.gov/programs-surveys/acs/data.html
201811,1/1/2018,6554,2095,https://www.census.gov/programs-surveys/acs/data.html
201911,1/1/2019,6824,2189,https://www.census.gov/programs-surveys/acs/data.html
202011,1/1/2020,6529,2117,https://www.census.gov/programs-surveys/acs/data.html
202111,1/1/2021,7313,2269,https://www.census.gov/programs-surveys/acs/data.html
201112,1/1/2011,1704,1393,https://www.census.gov/programs-surveys/acs/data.html
201212,1/1/2012,1510,1314,https://www.census.gov/programs-surveys/acs/data.html
201312,1/1/2013,1458,1282,https://www.census.gov/programs-surveys/acs/data.html
201412,1/1/2014,1445,1279,https://www.census.gov/programs-surveys/acs/data.html
201512,1/1/2015,1525,1256,https://www.census.gov/programs-surveys/acs/data.html
201612,1/1/2016,1590,1276,https://www.census.gov/programs-surveys/acs/data.html
201712,1/1/2017,1749,1295,https://www.census.gov/programs-surveys/acs/data.html
201812,1/1/2018,1697,1322,https://www.census.gov/programs-surveys/acs/data.html
201912,1/1/2019,1902,1395,https://www.census.gov/programs-surveys/acs/data.html
202012,1/1/2020,1834,1396,https://www.census.gov/programs-surveys/acs/data.html
202112,1/1/2021,1976,1407,https://www.census.gov/programs-surveys/acs/data.html
201113,1/1/2011,3264,1385,https://www.census.gov/programs-surveys/acs/data.html
201213,1/1/2012,3157,1322,https://www.census.gov/programs-surveys/acs/data.html
201313,1/1/2013,3378,1359,https://www.census.gov/programs-surveys/acs/data.html
201413,1/1/2014,3434,1390,https://www.census.gov/programs-surveys/acs/data.html
201513,1/1/2015,3552,1398,https://www.census.gov/programs-surveys/acs/data.html
201613,1/1/2016,3723,1438,https://www.census.gov/programs-surveys/acs/data.html
201713,1/1/2017,3849,1514,https://www.census.gov/programs-surveys/acs/data.html
201813,1/1/2018,4305,1577,https://www.census.gov/programs-surveys/acs/data.html
201913,1/1/2019,4953,1688,https://www.census.gov/programs-surveys/acs/data.html
202013,1/1/2020,4464,1656,https://www.census.gov/programs-surveys/acs/data.html
202113,1/1/2021,5254,1833,https://www.census.gov/programs-surveys/acs/data.html
201114,1/1/2011,2498,1293,https://www.census.gov/programs-surveys/acs/data.html
201214,1/1/2012,2579,1247,https://www.census.gov/programs-surveys/acs/data.html
201314,1/1/2013,2520,1242,https://www.census.gov/programs-surveys/acs/data.html
201414,1/1/2014,2639,1257,https://www.census.gov/programs-surveys/acs/data.html
201514,1/1/2015,2737,1276,https://www.census.gov/programs-surveys/acs/data.html
201614,1/1/2016,2753,1253,https://www.census.gov/programs-surveys/acs/data.html
201714,1/1/2017,2879,1255,https://www.census.gov/programs-surveys/acs/data.html
201814,1/1/2018,2880,1306,https://www.census.gov/programs-surveys/acs/data.html
201914,1/1/2019,2876,1329,https://www.census.gov/programs-surveys/acs/data.html
202014,1/1/2020,2885,1345,https://www.census.gov/programs-surveys/acs/data.html
202114,1/1/2021,3145,1360,https://www.census.gov/programs-surveys/acs/data.html
201115,1/1/2011,1291,1085,https://www.census.gov/programs-surveys/acs/data.html
201215,1/1/2012,1263,1094,https://www.census.gov/programs-surveys/acs/data.html
201315,1/1/2013,1249,1066,https://www.census.gov/programs-surveys/acs/data.html
201415,1/1/2014,1287,1083,https://www.census.gov/programs-surveys/acs/data.html
201515,1/1/2015,1326,1101,https://www.census.gov/programs-surveys/acs/data.html
201615,1/1/2016,1397,1098,https://www.census.gov/programs-surveys/acs/data.html
201715,1/1/2017,1437,1129,https://www.census.gov/programs-surveys/acs/data.html
201815,1/1/2018,1455,1146,https://www.census.gov/programs-surveys/acs/data.html
201915,1/1/2019,1550,1158,https://www.census.gov/programs-surveys/acs/data.html
202015,1/1/2020,1539,1182,https://www.census.gov/programs-surveys/acs/data.html
202115,1/1/2021,1803,1249,https://www.census.gov/programs-surveys/acs/data.html
201116,1/1/2011,1950,1383,https://www.census.gov/programs-surveys/acs/data.html
201216,1/1/2012,2092,1381,https://www.census.gov/programs-surveys/acs/data.html
201316,1/1/2013,2008,1317,https://www.census.gov/programs-surveys/acs/data.html
201416,1/1/2014,2118,1328,https://www.census.gov/programs-surveys/acs/data.html
201516,1/1/2015,2131,1364,https://www.census.gov/programs-surveys/acs/data.html
201616,1/1/2016,2221,1348,https://www.census.gov/programs-surveys/acs/data.html
201716,1/1/2017,2300,1360,https://www.census.gov/programs-surveys/acs/data.html
201816,1/1/2018,2166,1418,https://www.census.gov/programs-surveys/acs/data.html
201916,1/1/2019,2413,1455,https://www.census.gov/programs-surveys/acs/data.html
202016,1/1/2020,2348,1456,https://www.census.gov/programs-surveys/acs/data.html
202116,1/1/2021,2584,1568,https://www.census.gov/programs-surveys/acs/data.html
201117,1/1/2011,5893,3043,https://www.census.gov/programs-surveys/acs/data.html
201217,1/1/2012,6130,3035,https://www.census.gov/programs-surveys/acs/data.html
201317,1/1/2013,6430,3128,https://www.census.gov/programs-surveys/acs/data.html
201417,1/1/2014,6865,3086,https://www.census.gov/programs-surveys/acs/data.html
201517,1/1/2015,7096,3188,https://www.census.gov/programs-surveys/acs/data.html
201617,1/1/2016,7615,3340,https://www.census.gov/programs-surveys/acs/data.html
201717,1/1/2017,8188,3454,https://www.census.gov/programs-surveys/acs/data.html
201817,1/1/2018,9443,3751,https://www.census.gov/programs-surveys/acs/data.html
201917,1/1/2019,9373,3809,https://www.census.gov/programs-surveys/acs/data.html
202017,1/1/2020,9134,3822,https://www.census.gov/programs-surveys/acs/data.html
202117,1/1/2021,10000,3964,https://www.census.gov/programs-surveys/acs/data.html
201118,1/1/2011,3659,2244,https://www.census.gov/programs-surveys/acs/data.html
201218,1/1/2012,3777,2218,https://www.census.gov/programs-surveys/acs/data.html
201318,1/1/2013,3742,2189,https://www.census.gov/programs-surveys/acs/data.html
201418,1/1/2014,3897,2278,https://www.census.gov/programs-surveys/acs/data.html
201518,1/1/2015,4149,2312,https://www.census.gov/programs-surveys/acs/data.html
201618,1/1/2016,4427,2396,https://www.census.gov/programs-surveys/acs/data.html
201718,1/1/2017,4904,2514,https://www.census.gov/programs-surveys/acs/data.html
201818,1/1/2018,5631,2706,https://www.census.gov/programs-surveys/acs/data.html
201918,1/1/2019,6119,2977,https://www.census.gov/programs-surveys/acs/data.html
202018,1/1/2020,5536,2778,https://www.census.gov/programs-surveys/acs/data.html
202118,1/1/2021,6413,2992,https://www.census.gov/programs-surveys/acs/data.html
201119,1/1/2011,1375,1504,https://www.census.gov/programs-surveys/acs/data.html
201219,1/1/2012,1408,1498,https://www.census.gov/programs-surveys/acs/data.html
201319,1/1/2013,1512,1525,https://www.census.gov/programs-surveys/acs/data.html
201419,1/1/2014,1622,1553,https://www.census.gov/programs-surveys/acs/data.html
201519,1/1/2015,1580,1562,https://www.census.gov/programs-surveys/acs/data.html
201619,1/1/2016,1717,1622,https://www.census.gov/programs-surveys/acs/data.html
201719,1/1/2017,1961,1734,https://www.census.gov/programs-surveys/acs/data.html
201819,1/1/2018,2122,1857,https://www.census.gov/programs-surveys/acs/data.html
201919,1/1/2019,2162,1984,https://www.census.gov/programs-surveys/acs/data.html
202019,1/1/2020,2100,1915,https://www.census.gov/programs-surveys/acs/data.html
202119,1/1/2021,2410,2087,https://www.census.gov/programs-surveys/acs/data.html
201120,1/1/2011,1524,1256,https://www.census.gov/programs-surveys/acs/data.html
201220,1/1/2012,1565,1229,https://www.census.gov/programs-surveys/acs/data.html
201320,1/1/2013,1529,1217,https://www.census.gov/programs-surveys/acs/data.html
201420,1/1/2014,1701,1252,https://www.census.gov/programs-surveys/acs/data.html
201520,1/1/2015,1694,1286,https://www.census.gov/programs-surveys/acs/data.html
201620,1/1/2016,1821,1310,https://www.census.gov/programs-surveys/acs/data.html
201720,1/1/2017,1903,1333,https://www.census.gov/programs-surveys/acs/data.html
201820,1/1/2018,1957,1344,https://www.census.gov/programs-surveys/acs/data.html
201920,1/1/2019,1890,1343,https://www.census.gov/programs-surveys/acs/data.html
202020,1/1/2020,1967,1382,https://www.census.gov/programs-surveys/acs/data.html
202120,1/1/2021,2205,1417,https://www.census.gov/programs-surveys/acs/data.html
201122,1/1/2011,2772,1111,https://www.census.gov/programs-surveys/acs/data.html
201222,1/1/2012,2772,1130,https://www.census.gov/programs-surveys/acs/data.html
201322,1/1/2013,2844,1096,https://www.census.gov/programs-surveys/acs/data.html
201422,1/1/2014,2984,1138,https://www.census.gov/programs-surveys/acs/data.html
201522,1/1/2015,3013,1143,https://www.census.gov/programs-surveys/acs/data.html
201622,1/1/2016,3169,1202,https://www.census.gov/programs-surveys/acs/data.html
201722,1/1/2017,3285,1206,https://www.census.gov/programs-surveys/acs/data.html
201822,1/1/2018,3371,1244,https://www.census.gov/programs-surveys/acs/data.html
201922,1/1/2019,3551,1295,https://www.census.gov/programs-surveys/acs/data.html
202022,1/1/2020,3534,1310,https://www.census.gov/programs-surveys/acs/data.html
202122,1/1/2021,3795,1363,https://www.census.gov/programs-surveys/acs/data.html
201123,1/1/2011,2600,2224,https://www.census.gov/programs-surveys/acs/data.html
201223,1/1/2012,2833,2262,https://www.census.gov/programs-surveys/acs/data.html
201323,1/1/2013,2794,2236,https://www.census.gov/programs-surveys/acs/data.html
201423,1/1/2014,2649,2194,https://www.census.gov/programs-surveys/acs/data.html
201523,1/1/2015,2955,2312,https://www.census.gov/programs-surveys/acs/data.html
201623,1/1/2016,3492,2422,https://www.census.gov/programs-surveys/acs/data.html
201723,1/1/2017,3421,2432,https://www.census.gov/programs-surveys/acs/data.html
201823,1/1/2018,3691,2506,https://www.census.gov/programs-surveys/acs/data.html
201923,1/1/2019,3734,2684,https://www.census.gov/programs-surveys/acs/data.html
202023,1/1/2020,3701,2676,https://www.census.gov/programs-surveys/acs/data.html
202123,1/1/2021,3795,2639,https://www.census.gov/programs-surveys/acs/data.html
201124,1/1/2011,2681,2203,https://www.census.gov/programs-surveys/acs/data.html
201224,1/1/2012,2878,2153,https://www.census.gov/programs-surveys/acs/data.html
201324,1/1/2013,3037,2147,https://www.census.gov/programs-surveys/acs/data.html
201424,1/1/2014,2886,2179,https://www.census.gov/programs-surveys/acs/data.html
201524,1/1/2015,3112,2237,https://www.census.gov/programs-surveys/acs/data.html
201624,1/1/2016,3293,2314,https://www.census.gov/programs-surveys/acs/data.html
201724,1/1/2017,3343,2303,https://www.census.gov/programs-surveys/acs/data.html
201824,1/1/2018,3417,2374,https://www.census.gov/programs-surveys/acs/data.html
201924,1/1/2019,3707,2461,https://www.census.gov/programs-surveys/acs/data.html
202024,1/1/2020,3554,2470,https://www.census.gov/programs-surveys/acs/data.html
202124,1/1/2021,4093,2561,https://www.census.gov/programs-surveys/acs/data.html
201125,1/1/2011,1574,1525,https://www.census.gov/programs-surveys/acs/data.html
201225,1/1/2012,1588,1421,https://www.census.gov/programs-surveys/acs/data.html
201325,1/1/2013,1541,1319,https://www.census.gov/programs-surveys/acs/data.html
201425,1/1/2014,1435,1324,https://www.census.gov/programs-surveys/acs/data.html
201525,1/1/2015,1586,1340,https://www.census.gov/programs-surveys/acs/data.html
201625,1/1/2016,1593,1405,https://www.census.gov/programs-surveys/acs/data.html
201725,1/1/2017,1605,1412,https://www.census.gov/programs-surveys/acs/data.html
201825,1/1/2018,1719,1494,https://www.census.gov/programs-surveys/acs/data.html
201925,1/1/2019,1721,1561,https://www.census.gov/programs-surveys/acs/data.html
202025,1/1/2020,1749,1552,https://www.census.gov/programs-surveys/acs/data.html
202125,1/1/2021,1827,1596,https://www.census.gov/programs-surveys/acs/data.html
201126,1/1/2011,3055,1682,https://www.census.gov/programs-surveys/acs/data.html
201226,1/1/2012,3025,1717,https://www.census.gov/programs-surveys/acs/data.html
201326,1/1/2013,3245,1687,https://www.census.gov/programs-surveys/acs/data.html
201426,1/1/2014,3543,1763,https://www.census.gov/programs-surveys/acs/data.html
201526,1/1/2015,3728,1776,https://www.census.gov/programs-surveys/acs/data.html
201626,1/1/2016,3810,1827,https://www.census.gov/programs-surveys/acs/data.html
201726,1/1/2017,3938,1878,https://www.census.gov/programs-surveys/acs/data.html
201826,1/1/2018,4376,1948,https://www.census.gov/programs-surveys/acs/data.html
201926,1/1/2019,4381,2079,https://www.census.gov/programs-surveys/acs/data.html
202026,1/1/2020,4340,2046,https://www.census.gov/programs-surveys/acs/data.html
202126,1/1/2021,4785,2182,https://www.census.gov/programs-surveys/acs/data.html
201127,1/1/2011,1518,1094,https://www.census.gov/programs-surveys/acs/data.html
201227,1/1/2012,1551,1021,https://www.census.gov/programs-surveys/acs/data.html
201327,1/1/2013,1610,1074,https://www.census.gov/programs-surveys/acs/data.html
201427,1/1/2014,1566,1026,https://www.census.gov/programs-surveys/acs/data.html
201527,1/1/2015,1676,1068,https://www.census.gov/programs-surveys/acs/data.html
201627,1/1/2016,1669,998,https://www.census.gov/programs-surveys/acs/data.html
201727,1/1/2017,1670,1054,https://www.census.gov/programs-surveys/acs/data.html
201827,1/1/2018,1609,1078,https://www.census.gov/programs-surveys/acs/data.html
201927,1/1/2019,1486,1076,https://www.census.gov/programs-surveys/acs/data.html
202027,1/1/2020,1611,1091,https://www.census.gov/programs-surveys/acs/data.html
202127,1/1/2021,1551,1063,https://www.census.gov/programs-surveys/acs/data.html
201129,1/1/2011,1812,1181,https://www.census.gov/programs-surveys/acs/data.html
201229,1/1/2012,1738,1153,https://www.census.gov/programs-surveys/acs/data.html
201329,1/1/2013,1809,1145,https://www.census.gov/programs-surveys/acs/data.html
201429,1/1/2014,1754,1147,https://www.census.gov/programs-surveys/acs/data.html
201529,1/1/2015,1763,1126,https://www.census.gov/programs-surveys/acs/data.html
201629,1/1/2016,1786,1148,https://www.census.gov/programs-surveys/acs/data.html
201729,1/1/2017,1831,1132,https://www.census.gov/programs-surveys/acs/data.html
201829,1/1/2018,1836,1144,https://www.census.gov/programs-surveys/acs/data.html
201929,1/1/2019,1854,1198,https://www.census.gov/programs-surveys/acs/data.html
202029,1/1/2020,1889,1206,https://www.census.gov/programs-surveys/acs/data.html
202129,1/1/2021,1901,1233,https://www.census.gov/programs-surveys/acs/data.html
201130,1/1/2011,2412,1352,https://www.census.gov/programs-surveys/acs/data.html
201230,1/1/2012,2481,1335,https://www.census.gov/programs-surveys/acs/data.html
201330,1/1/2013,2553,1354,https://www.census.gov/programs-surveys/acs/data.html
201430,1/1/2014,2734,1386,https://www.census.gov/programs-surveys/acs/data.html
201530,1/1/2015,2776,1424,https://www.census.gov/programs-surveys/acs/data.html
201630,1/1/2016,2845,1375,https://www.census.gov/programs-surveys/acs/data.html
201730,1/1/2017,2914,1401,https://www.census.gov/programs-surveys/acs/data.html
201830,1/1/2018,2983,1453,https://www.census.gov/programs-surveys/acs/data.html
201930,1/1/2019,3035,1472,https://www.census.gov/programs-surveys/acs/data.html
202030,1/1/2020,2999,1485,https://www.census.gov/programs-surveys/acs/data.html
202130,1/1/2021,3131,1521,https://www.census.gov/programs-surveys/acs/data.html
201131,1/1/2011,3330,1321,https://www.census.gov/programs-surveys/acs/data.html
201231,1/1/2012,3298,1311,https://www.census.gov/programs-surveys/acs/data.html
201331,1/1/2013,3213,1249,https://www.census.gov/programs-surveys/acs/data.html
201431,1/1/2014,3217,1312,https://www.census.gov/programs-surveys/acs/data.html
201531,1/1/2015,3197,1257,https://www.census.gov/programs-surveys/acs/data.html
201631,1/1/2016,3206,1228,https://www.census.gov/programs-surveys/acs/data.html
201731,1/1/2017,3290,1229,https://www.census.gov/programs-surveys/acs/data.html
201831,1/1/2018,3134,1237,https://www.census.gov/programs-surveys/acs/data.html
201931,1/1/2019,3263,1248,https://www.census.gov/programs-surveys/acs/data.html
202031,1/1/2020,3318,1302,https://www.census.gov/programs-surveys/acs/data.html
202131,1/1/2021,3469,1324,https://www.census.gov/programs-surveys/acs/data.html
201132,1/1/2011,1801,1337,https://www.census.gov/programs-surveys/acs/data.html
201232,1/1/2012,1879,1313,https://www.census.gov/programs-surveys/acs/data.html
201332,1/1/2013,1851,1281,https://www.census.gov/programs-surveys/acs/data.html
201432,1/1/2014,1969,1286,https://www.census.gov/programs-surveys/acs/data.html
201532,1/1/2015,2107,1311,https://www.census.gov/programs-surveys/acs/data.html
201632,1/1/2016,2047,1255,https://www.census.gov/programs-surveys/acs/data.html
201732,1/1/2017,2133,1315,https://www.census.gov/programs-surveys/acs/data.html
201832,1/1/2018,2189,1312,https://www.census.gov/programs-surveys/acs/data.html
201932,1/1/2019,2366,1346,https://www.census.gov/programs-surveys/acs/data.html
202032,1/1/2020,2256,1346,https://www.census.gov/programs-surveys/acs/data.html
202132,1/1/2021,2496,1409,https://www.census.gov/programs-surveys/acs/data.html
201133,1/1/2011,1811,1522,https://www.census.gov/programs-surveys/acs/data.html
201233,1/1/2012,1685,1423,https://www.census.gov/programs-surveys/acs/data.html
201333,1/1/2013,1737,1413,https://www.census.gov/programs-surveys/acs/data.html
201433,1/1/2014,1800,1431,https://www.census.gov/programs-surveys/acs/data.html
201533,1/1/2015,1907,1417,https://www.census.gov/programs-surveys/acs/data.html
201633,1/1/2016,1943,1485,https://www.census.gov/programs-surveys/acs/data.html
201733,1/1/2017,2133,1461,https://www.census.gov/programs-surveys/acs/data.html
201833,1/1/2018,2100,1535,https://www.census.gov/programs-surveys/acs/data.html
201933,1/1/2019,2477,1641,https://www.census.gov/programs-surveys/acs/data.html
202033,1/1/2020,2255,1599,https://www.census.gov/programs-surveys/acs/data.html
202133,1/1/2021,2634,1670,https://www.census.gov/programs-surveys/acs/data.html
201134,1/1/2011,1537,1222,https://www.census.gov/programs-surveys/acs/data.html
201234,1/1/2012,1456,1156,https://www.census.gov/programs-surveys/acs/data.html
201334,1/1/2013,1445,1130,https://www.census.gov/programs-surveys/acs/data.html
201434,1/1/2014,1366,1083,https://www.census.gov/programs-surveys/acs/data.html
201534,1/1/2015,1403,1118,https://www.census.gov/programs-surveys/acs/data.html
201634,1/1/2016,1457,1102,https://www.census.gov/programs-surveys/acs/data.html
201734,1/1/2017,1433,1118,https://www.census.gov/programs-surveys/acs/data.html
201834,1/1/2018,1526,1170,https://www.census.gov/programs-surveys/acs/data.html
201934,1/1/2019,1621,1196,https://www.census.gov/programs-surveys/acs/data.html
202034,1/1/2020,1568,1212,https://www.census.gov/programs-surveys/acs/data.html
202134,1/1/2021,1714,1257,https://www.census.gov/programs-surveys/acs/data.html
201135,1/1/2011,2248,1731,https://www.census.gov/programs-surveys/acs/data.html
201235,1/1/2012,2187,1632,https://www.census.gov/programs-surveys/acs/data.html
201335,1/1/2013,2149,1565,https://www.census.gov/programs-surveys/acs/data.html
201435,1/1/2014,2344,1598,https://www.census.gov/programs-surveys/acs/data.html
201535,1/1/2015,2520,1622,https://www.census.gov/programs-surveys/acs/data.html
201635,1/1/2016,2697,1686,https://www.census.gov/programs-surveys/acs/data.html
201735,1/1/2017,2840,1785,https://www.census.gov/programs-surveys/acs/data.html
201835,1/1/2018,3255,1853,https://www.census.gov/programs-surveys/acs/data.html
201935,1/1/2019,3503,1973,https://www.census.gov/programs-surveys/acs/data.html
202035,1/1/2020,3125,1924,https://www.census.gov/programs-surveys/acs/data.html
202135,1/1/2021,3776,2071,https://www.census.gov/programs-surveys/acs/data.html
201136,1/1/2011,1126,1315,https://www.census.gov/programs-surveys/acs/data.html
201236,1/1/2012,1124,1277,https://www.census.gov/programs-surveys/acs/data.html
201336,1/1/2013,1117,1271,https://www.census.gov/programs-surveys/acs/data.html
201436,1/1/2014,1177,1241,https://www.census.gov/programs-surveys/acs/data.html
201536,1/1/2015,1262,1301,https://www.census.gov/programs-surveys/acs/data.html
201636,1/1/2016,1320,1374,https://www.census.gov/programs-surveys/acs/data.html
201736,1/1/2017,1311,1396,https://www.census.gov/programs-surveys/acs/data.html
201836,1/1/2018,1342,1451,https://www.census.gov/programs-surveys/acs/data.html
201936,1/1/2019,1427,1511,https://www.census.gov/programs-surveys/acs/data.html
202036,1/1/2020,1393,1497,https://www.census.gov/programs-surveys/acs/data.html
202136,1/1/2021,1557,1540,https://www.census.gov/programs-surveys/acs/data.html
201137,1/1/2011,1911,1319,https://www.census.gov/programs-surveys/acs/data.html
201237,1/1/2012,1966,1263,https://www.census.gov/programs-surveys/acs/data.html
201337,1/1/2013,1897,1241,https://www.census.gov/programs-surveys/acs/data.html
201437,1/1/2014,1941,1282,https://www.census.gov/programs-surveys/acs/data.html
201537,1/1/2015,2123,1299,https://www.census.gov/programs-surveys/acs/data.html
201637,1/1/2016,2041,1303,https://www.census.gov/programs-surveys/acs/data.html
201737,1/1/2017,2109,1307,https://www.census.gov/programs-surveys/acs/data.html
201837,1/1/2018,2286,1368,https://www.census.gov/programs-surveys/acs/data.html
201937,1/1/2019,2166,1381,https://www.census.gov/programs-surveys/acs/data.html
202037,1/1/2020,2272,1391,https://www.census.gov/programs-surveys/acs/data.html
202137,1/1/2021,2501,1462,https://www.census.gov/programs-surveys/acs/data.html
201138,1/1/2011,2728,1725,https://www.census.gov/programs-surveys/acs/data.html
201238,1/1/2012,2601,1719,https://www.census.gov/programs-surveys/acs/data.html
201338,1/1/2013,2697,1707,https://www.census.gov/programs-surveys/acs/data.html
201438,1/1/2014,2603,1677,https://www.census.gov/programs-surveys/acs/data.html
201538,1/1/2015,2766,1699,https://www.census.gov/programs-surveys/acs/data.html
201638,1/1/2016,2919,1781,https://www.census.gov/programs-surveys/acs/data.html
201738,1/1/2017,3415,1829,https://www.census.gov/programs-surveys/acs/data.html
201838,1/1/2018,3022,1806,https://www.census.gov/programs-surveys/acs/data.html
201938,1/1/2019,3821,2132,https://www.census.gov/programs-surveys/acs/data.html
202038,1/1/2020,3397,1962,https://www.census.gov/programs-surveys/acs/data.html
202138,1/1/2021,3727,1975,https://www.census.gov/programs-surveys/acs/data.html
201139,1/1/2011,2651,1253,https://www.census.gov/programs-surveys/acs/data.html
201239,1/1/2012,2646,1241,https://www.census.gov/programs-surveys/acs/data.html
201339,1/1/2013,2691,1255,https://www.census.gov/programs-surveys/acs/data.html
201439,1/1/2014,2781,1304,https://www.census.gov/programs-surveys/acs/data.html
201539,1/1/2015,2874,1326,https://www.census.gov/programs-surveys/acs/data.html
201639,1/1/2016,2909,1331,https://www.census.gov/programs-surveys/acs/data.html
201739,1/1/2017,3002,1396,https://www.census.gov/programs-surveys/acs/data.html
201839,1/1/2018,3048,1383,https://www.census.gov/programs-surveys/acs/data.html
201939,1/1/2019,3407,1461,https://www.census.gov/programs-surveys/acs/data.html
202039,1/1/2020,3253,1455,https://www.census.gov/programs-surveys/acs/data.html
202139,1/1/2021,3566,1511,https://www.census.gov/programs-surveys/acs/data.html
201140,1/1/2011,1141,1448,https://www.census.gov/programs-surveys/acs/data.html
201240,1/1/2012,1093,1447,https://www.census.gov/programs-surveys/acs/data.html
201340,1/1/2013,1060,1392,https://www.census.gov/programs-surveys/acs/data.html
201440,1/1/2014,1077,1374,https://www.census.gov/programs-surveys/acs/data.html
201540,1/1/2015,1139,1415,https://www.census.gov/programs-surveys/acs/data.html
201640,1/1/2016,1167,1456,https://www.census.gov/programs-surveys/acs/data.html
201740,1/1/2017,1184,1487,https://www.census.gov/programs-surveys/acs/data.html
201840,1/1/2018,1285,1515,https://www.census.gov/programs-surveys/acs/data.html
201940,1/1/2019,1402,1628,https://www.census.gov/programs-surveys/acs/data.html
202040,1/1/2020,1324,1606,https://www.census.gov/programs-surveys/acs/data.html
202140,1/1/2021,1587,1751,https://www.census.gov/programs-surveys/acs/data.html
201141,1/1/2011,1739,1398,https://www.census.gov/programs-surveys/acs/data.html
201241,1/1/2012,1831,1400,https://www.census.gov/programs-surveys/acs/data.html
201341,1/1/2013,1821,1336,https://www.census.gov/programs-surveys/acs/data.html
201441,1/1/2014,2062,1421,https://www.census.gov/programs-surveys/acs/data.html
201541,1/1/2015,2128,1432,https://www.census.gov/programs-surveys/acs/data.html
201641,1/1/2016,2301,1433,https://www.census.gov/programs-surveys/acs/data.html
201741,1/1/2017,2138,1417,https://www.census.gov/programs-surveys/acs/data.html
201841,1/1/2018,2222,1447,https://www.census.gov/programs-surveys/acs/data.html
201941,1/1/2019,2289,1554,https://www.census.gov/programs-surveys/acs/data.html
202041,1/1/2020,2339,1532,https://www.census.gov/programs-surveys/acs/data.html
202141,1/1/2021,2647,1630,https://www.census.gov/programs-surveys/acs/data.html
201142,1/1/2011,2331,1802,https://www.census.gov/programs-surveys/acs/data.html
201242,1/1/2012,2190,1725,https://www.census.gov/programs-surveys/acs/data.html
201342,1/1/2013,2172,1731,https://www.census.gov/programs-surveys/acs/data.html
201442,1/1/2014,2209,1746,https://www.census.gov/programs-surveys/acs/data.html
201542,1/1/2015,2133,1684,https://www.census.gov/programs-surveys/acs/data.html
201642,1/1/2016,2333,1709,https://www.census.gov/programs-surveys/acs/data.html
201742,1/1/2017,2383,1762,https://www.census.gov/programs-surveys/acs/data.html
201842,1/1/2018,2463,1752,https://www.census.gov/programs-surveys/acs/data.html
201942,1/1/2019,2613,1797,https://www.census.gov/programs-surveys/acs/data.html
202042,1/1/2020,2511,1828,https://www.census.gov/programs-surveys/acs/data.html
202142,1/1/2021,2594,1801,https://www.census.gov/programs-surveys/acs/data.html
201143,1/1/2011,2967,2126,https://www.census.gov/programs-surveys/acs/data.html
201243,1/1/2012,2954,2146,https://www.census.gov/programs-surveys/acs/data.html
201343,1/1/2013,3226,1966,https://www.census.gov/programs-surveys/acs/data.html
201443,1/1/2014,3256,2047,https://www.census.gov/programs-surveys/acs/data.html
201543,1/1/2015,3642,2200,https://www.census.gov/programs-surveys/acs/data.html
201643,1/1/2016,3683,2222,https://www.census.gov/programs-surveys/acs/data.html
201743,1/1/2017,4119,2380,https://www.census.gov/programs-surveys/acs/data.html
201843,1/1/2018,4326,2387,https://www.census.gov/programs-surveys/acs/data.html
201943,1/1/2019,4649,2511,https://www.census.gov/programs-surveys/acs/data.html
202043,1/1/2020,4282,2490,https://www.census.gov/programs-surveys/acs/data.html
202143,1/1/2021,5222,2468,https://www.census.gov/programs-surveys/acs/data.html
201144,1/1/2011,2768,1784,https://www.census.gov/programs-surveys/acs/data.html
201244,1/1/2012,2947,1721,https://www.census.gov/programs-surveys/acs/data.html
201344,1/1/2013,2897,1727,https://www.census.gov/programs-surveys/acs/data.html
201444,1/1/2014,3010,1779,https://www.census.gov/programs-surveys/acs/data.html
201544,1/1/2015,2841,1814,https://www.census.gov/programs-surveys/acs/data.html
201644,1/1/2016,2851,1683,https://www.census.gov/programs-surveys/acs/data.html
201744,1/1/2017,3319,1947,https://www.census.gov/programs-surveys/acs/data.html
201844,1/1/2018,3676,2219,https://www.census.gov/programs-surveys/acs/data.html
201944,1/1/2019,3232,1911,https://www.census.gov/programs-surveys/acs/data.html
202044,1/1/2020,3650,2043,https://www.census.gov/programs-surveys/acs/data.html
202144,1/1/2021,3936,2308,https://www.census.gov/programs-surveys/acs/data.html
201145,1/1/2011,4266,2329,https://www.census.gov/programs-surveys/acs/data.html
201245,1/1/2012,4599,2390,https://www.census.gov/programs-surveys/acs/data.html
201345,1/1/2013,4856,2270,https://www.census.gov/programs-surveys/acs/data.html
201445,1/1/2014,5141,2332,https://www.census.gov/programs-surveys/acs/data.html
201545,1/1/2015,5265,2351,https://www.census.gov/programs-surveys/acs/data.html
201645,1/1/2016,6025,2599,https://www.census.gov/programs-surveys/acs/data.html
201745,1/1/2017,6131,2699,https://www.census.gov/programs-surveys/acs/data.html
201845,1/1/2018,6612,2767,https://www.census.gov/programs-surveys/acs/data.html
201945,1/1/2019,6968,2857,https://www.census.gov/programs-surveys/acs/data.html
202045,1/1/2020,6779,2917,https://www.census.gov/programs-surveys/acs/data.html
202145,1/1/2021,8228,3182,https://www.census.gov/programs-surveys/acs/data.html
201146,1/1/2011,2904,1589,https://www.census.gov/programs-surveys/acs/data.html
201246,1/1/2012,2962,1567,https://www.census.gov/programs-surveys/acs/data.html
201346,1/1/2013,2968,1545,https://www.census.gov/programs-surveys/acs/data.html
201446,1/1/2014,2858,1533,https://www.census.gov/programs-surveys/acs/data.html
201546,1/1/2015,2987,1616,https://www.census.gov/programs-surveys/acs/data.html
201646,1/1/2016,3030,1572,https://www.census.gov/programs-surveys/acs/data.html
201746,1/1/2017,3180,1631,https://www.census.gov/programs-surveys/acs/data.html
201846,1/1/2018,3298,1701,https://www.census.gov/programs-surveys/acs/data.html
201946,1/1/2019,3659,1755,https://www.census.gov/programs-surveys/acs/data.html
202046,1/1/2020,3454,1732,https://www.census.gov/programs-surveys/acs/data.html
202146,1/1/2021,3690,1808,https://www.census.gov/programs-surveys/acs/data.html
201147,1/1/2011,1364,1133,https://www.census.gov/programs-surveys/acs/data.html
201247,1/1/2012,1448,1142,https://www.census.gov/programs-surveys/acs/data.html
201347,1/1/2013,1488,1151,https://www.census.gov/programs-surveys/acs/data.html
201447,1/1/2014,1473,1158,https://www.census.gov/programs-surveys/acs/data.html
201547,1/1/2015,1668,1210,https://www.census.gov/programs-surveys/acs/data.html
201647,1/1/2016,1616,1168,https://www.census.gov/programs-surveys/acs/data.html
201747,1/1/2017,1708,1175,https://www.census.gov/programs-surveys/acs/data.html
201847,1/1/2018,1842,1269,https://www.census.gov/programs-surveys/acs/data.html
201947,1/1/2019,1846,1265,https://www.census.gov/programs-surveys/acs/data.html
202047,1/1/2020,1807,1274,https://www.census.gov/programs-surveys/acs/data.html
202147,1/1/2021,1934,1313,https://www.census.gov/programs-surveys/acs/data.html
201148,1/1/2011,2254,1604,https://www.census.gov/programs-surveys/acs/data.html
201248,1/1/2012,2367,1514,https://www.census.gov/programs-surveys/acs/data.html
201348,1/1/2013,2500,1541,https://www.census.gov/programs-surveys/acs/data.html
201448,1/1/2014,2541,1585,https://www.census.gov/programs-surveys/acs/data.html
201548,1/1/2015,2632,1565,https://www.census.gov/programs-surveys/acs/data.html
201648,1/1/2016,2759,1577,https://www.census.gov/programs-surveys/acs/data.html
201748,1/1/2017,2736,1586,https://www.census.gov/programs-surveys/acs/data.html
201848,1/1/2018,3223,1684,https://www.census.gov/programs-surveys/acs/data.html
201948,1/1/2019,3016,1718,https://www.census.gov/programs-surveys/acs/data.html
202048,1/1/2020,3036,1753,https://www.census.gov/programs-surveys/acs/data.html
202148,1/1/2021,3498,1763,https://www.census.gov/programs-surveys/acs/data.html
201149,1/1/2011,1548,1148,https://www.census.gov/programs-surveys/acs/data.html
201249,1/1/2012,1603,1149,https://www.census.gov/programs-surveys/acs/data.html
201349,1/1/2013,1593,1146,https://www.census.gov/programs-surveys/acs/data.html
201449,1/1/2014,1647,1179,https://www.census.gov/programs-surveys/acs/data.html
201549,1/1/2015,1603,1174,https://www.census.gov/programs-surveys/acs/data.html
201649,1/1/2016,1585,1122,https://www.census.gov/programs-surveys/acs/data.html
201749,1/1/2017,1768,1232,https://www.census.gov/programs-surveys/acs/data.html
201849,1/1/2018,1863,1236,https://www.census.gov/programs-surveys/acs/data.html
201949,1/1/2019,1792,1255,https://www.census.gov/programs-surveys/acs/data.html
202049,1/1/2020,1817,1252,https://www.census.gov/programs-surveys/acs/data.html
202149,1/1/2021,2033,1281,https://www.census.gov/programs-surveys/acs/data.html
201150,1/1/2011,2880,1365,https://www.census.gov/programs-surveys/acs/data.html
201250,1/1/2012,3174,1355,https://www.census.gov/programs-surveys/acs/data.html
201350,1/1/2013,3073,1318,https://www.census.gov/programs-surveys/acs/data.html
201450,1/1/2014,3151,1387,https://www.census.gov/programs-surveys/acs/data.html
201550,1/1/2015,3397,1417,https://www.census.gov/programs-surveys/acs/data.html
201650,1/1/2016,3194,1331,https://www.census.gov/programs-surveys/acs/data.html
201750,1/1/2017,3521,1426,https://www.census.gov/programs-surveys/acs/data.html
201850,1/1/2018,3793,1504,https://www.census.gov/programs-surveys/acs/data.html
201950,1/1/2019,4310,1639,https://www.census.gov/programs-surveys/acs/data.html
202050,1/1/2020,3903,1548,https://www.census.gov/programs-surveys/acs/data.html
202150,1/1/2021,4727,1705,https://www.census.gov/programs-surveys/acs/data.html
201151,1/1/2011,1224,1384,https://www.census.gov/programs-surveys/acs/data.html
201251,1/1/2012,1276,1403,https://www.census.gov/programs-surveys/acs/data.html
201351,1/1/2013,1301,1374,https://www.census.gov/programs-surveys/acs/data.html
201451,1/1/2014,1281,1358,https://www.census.gov/programs-surveys/acs/data.html
201551,1/1/2015,1295,1411,https://www.census.gov/programs-surveys/acs/data.html
201651,1/1/2016,1358,1434,https://www.census.gov/programs-surveys/acs/data.html
201751,1/1/2017,1535,1563,https://www.census.gov/programs-surveys/acs/data.html
201851,1/1/2018,1668,1613,https://www.census.gov/programs-surveys/acs/data.html
201951,1/1/2019,1812,1747,https://www.census.gov/programs-surveys/acs/data.html
202051,1/1/2020,1706,1685,https://www.census.gov/programs-surveys/acs/data.html
202151,1/1/2021,2209,1876,https://www.census.gov/programs-surveys/acs/data.html
201152,1/1/2011,1624,1497,https://www.census.gov/programs-surveys/acs/data.html
201252,1/1/2012,1691,1400,https://www.census.gov/programs-surveys/acs/data.html
201352,1/1/2013,1889,1455,https://www.census.gov/programs-surveys/acs/data.html
201452,1/1/2014,1614,1381,https://www.census.gov/programs-surveys/acs/data.html
201552,1/1/2015,2079,1479,https://www.census.gov/programs-surveys/acs/data.html
201652,1/1/2016,2195,1500,https://www.census.gov/programs-surveys/acs/data.html
201752,1/1/2017,2000,1488,https://www.census.gov/programs-surveys/acs/data.html
201852,1/1/2018,2449,1622,https://www.census.gov/programs-surveys/acs/data.html
201952,1/1/2019,2487,1645,https://www.census.gov/programs-surveys/acs/data.html
202052,1/1/2020,2404,1632,https://www.census.gov/programs-surveys/acs/data.html
202152,1/1/2021,3168,1750,https://www.census.gov/programs-surveys/acs/data.html
201153,1/1/2011,1493,1548,https://www.census.gov/programs-surveys/acs/data.html
201253,1/1/2012,1740,1527,https://www.census.gov/programs-surveys/acs/data.html
201353,1/1/2013,1745,1512,https://www.census.gov/programs-surveys/acs/data.html
201453,1/1/2014,2111,1644,https://www.census.gov/programs-surveys/acs/data.html
201553,1/1/2015,1928,1611,https://www.census.gov/programs-surveys/acs/data.html
201653,1/1/2016,2108,1651,https://www.census.gov/programs-surveys/acs/data.html
201753,1/1/2017,2256,1634,https://www.census.gov/programs-surveys/acs/data.html
201853,1/1/2018,2132,1637,https://www.census.gov/programs-surveys/acs/data.html
201953,1/1/2019,2345,1683,https://www.census.gov/programs-surveys/acs/data.html
202053,1/1/2020,2238,1703,https://www.census.gov/programs-surveys/acs/data.html
202153,1/1/2021,2604,1753,https://www.census.gov/programs-surveys/acs/data.html
201154,1/1/2011,1352,1026,https://www.census.gov/programs-surveys/acs/data.html
201254,1/1/2012,1398,1024,https://www.census.gov/programs-surveys/acs/data.html
201354,1/1/2013,1372,1000,https://www.census.gov/programs-surveys/acs/data.html
201454,1/1/2014,1403,968,https://www.census.gov/programs-surveys/acs/data.html
201554,1/1/2015,1550,962,https://www.census.gov/programs-surveys/acs/data.html
201654,1/1/2016,1500,957,https://www.census.gov/programs-surveys/acs/data.html
201754,1/1/2017,1547,910,https://www.census.gov/programs-surveys/acs/data.html
201854,1/1/2018,1649,952,https://www.census.gov/programs-surveys/acs/data.html
201954,1/1/2019,1776,995,https://www.census.gov/programs-surveys/acs/data.html
202054,1/1/2020,1711,1001,https://www.census.gov/programs-surveys/acs/data.html
202154,1/1/2021,1809,987,https://www.census.gov/programs-surveys/acs/data.html
201155,1/1/2011,3515,2244,https://www.census.gov/programs-surveys/acs/data.html
201255,1/1/2012,3331,2228,https://www.census.gov/programs-surveys/acs/data.html
201355,1/1/2013,3680,2138,https://www.census.gov/programs-surveys/acs/data.html
201455,1/1/2014,3642,2197,https://www.census.gov/programs-surveys/acs/data.html
201555,1/1/2015,3867,2238,https://www.census.gov/programs-surveys/acs/data.html
201655,1/1/2016,3926,2320,https://www.census.gov/programs-surveys/acs/data.html
201755,1/1/2017,4142,2356,https://www.census.gov/programs-surveys/acs/data.html
201855,1/1/2018,4620,2512,https://www.census.gov/programs-surveys/acs/data.html
201955,1/1/2019,4954,2563,https://www.census.gov/programs-surveys/acs/data.html
202055,1/1/2020,4600,2517,https://www.census.gov/programs-surveys/acs/data.html
202155,1/1/2021,5429,2672,https://www.census.gov/programs-surveys/acs/data.html
201157,1/1/2011,1985,1696,https://www.census.gov/programs-surveys/acs/data.html
201257,1/1/2012,1812,1648,https://www.census.gov/programs-surveys/acs/data.html
201357,1/1/2013,1792,1486,https://www.census.gov/programs-surveys/acs/data.html
201457,1/1/2014,1848,1504,https://www.census.gov/programs-surveys/acs/data.html
201557,1/1/2015,1906,1555,https://www.census.gov/programs-surveys/acs/data.html
201657,1/1/2016,1798,1487,https://www.census.gov/programs-surveys/acs/data.html
201757,1/1/2017,1869,1626,https://www.census.gov/programs-surveys/acs/data.html
201857,1/1/2018,1878,1643,https://www.census.gov/programs-surveys/acs/data.html
201957,1/1/2019,2128,1778,https://www.census.gov/programs-surveys/acs/data.html
202057,1/1/2020,1979,1719,https://www.census.gov/programs-surveys/acs/data.html
202157,1/1/2021,2240,1727,https://www.census.gov/programs-surveys/acs/data.html
201158,1/1/2011,1916,1530,https://www.census.gov/programs-surveys/acs/data.html
201258,1/1/2012,1840,1474,https://www.census.gov/programs-surveys/acs/data.html
201358,1/1/2013,1859,1471,https://www.census.gov/programs-surveys/acs/data.html
201458,1/1/2014,1999,1423,https://www.census.gov/programs-surveys/acs/data.html
201558,1/1/2015,2236,1523,https://www.census.gov/programs-surveys/acs/data.html
201658,1/1/2016,2314,1566,https://www.census.gov/programs-surveys/acs/data.html
201758,1/1/2017,2471,1666,https://www.census.gov/programs-surveys/acs/data.html
201858,1/1/2018,2597,1675,https://www.census.gov/programs-surveys/acs/data.html
201958,1/1/2019,2748,1650,https://www.census.gov/programs-surveys/acs/data.html
202058,1/1/2020,2659,1715,https://www.census.gov/programs-surveys/acs/data.html
202158,1/1/2021,3130,1868,https://www.census.gov/programs-surveys/acs/data.html
201160,1/1/2011,2581,1304,https://www.census.gov/programs-surveys/acs/data.html
201260,1/1/2012,2594,1336,https://www.census.gov/programs-surveys/acs/data.html
201360,1/1/2013,2672,1288,https://www.census.gov/programs-surveys/acs/data.html
201460,1/1/2014,2845,1350,https://www.census.gov/programs-surveys/acs/data.html
201560,1/1/2015,2662,1325,https://www.census.gov/programs-surveys/acs/data.html
201660,1/1/2016,3006,1382,https://www.census.gov/programs-surveys/acs/data.html
201760,1/1/2017,3424,1464,https://www.census.gov/programs-surveys/acs/data.html
201860,1/1/2018,3475,1505,https://www.census.gov/programs-surveys/acs/data.html
201960,1/1/2019,3453,1557,https://www.census.gov/programs-surveys/acs/data.html
202060,1/1/2020,3450,1547,https://www.census.gov/programs-surveys/acs/data.html
202160,1/1/2021,3902,1567,https://www.census.gov/programs-surveys/acs/data.html
201161,1/1/2011,1983,1795,https://www.census.gov/programs-surveys/acs/data.html
201261,1/1/2012,2119,1771,https://www.census.gov/programs-surveys/acs/data.html
201361,1/1/2013,2259,1705,https://www.census.gov/programs-surveys/acs/data.html
201461,1/1/2014,2240,1699,https://www.census.gov/programs-surveys/acs/data.html
201561,1/1/2015,2616,1731,https://www.census.gov/programs-surveys/acs/data.html
201661,1/1/2016,2677,1798,https://www.census.gov/programs-surveys/acs/data.html
201761,1/1/2017,2969,1848,https://www.census.gov/programs-surveys/acs/data.html
201861,1/1/2018,2938,1844,https://www.census.gov/programs-surveys/acs/data.html
201961,1/1/2019,3162,1989,https://www.census.gov/programs-surveys/acs/data.html
202061,1/1/2020,3047,1986,https://www.census.gov/programs-surveys/acs/data.html
202161,1/1/2021,3530,2061,https://www.census.gov/programs-surveys/acs/data.html
201162,1/1/2011,2828,2018,https://www.census.gov/programs-surveys/acs/data.html
201262,1/1/2012,2795,1889,https://www.census.gov/programs-surveys/acs/data.html
201362,1/1/2013,2563,1848,https://www.census.gov/programs-surveys/acs/data.html
201462,1/1/2014,2830,1794,https://www.census.gov/programs-surveys/acs/data.html
201562,1/1/2015,3119,1933,https://www.census.gov/programs-surveys/acs/data.html
201662,1/1/2016,3132,1932,https://www.census.gov/programs-surveys/acs/data.html
201762,1/1/2017,3507,2133,https://www.census.gov/programs-surveys/acs/data.html
201862,1/1/2018,3554,2048,https://www.census.gov/programs-surveys/acs/data.html
201962,1/1/2019,4007,2179,https://www.census.gov/programs-surveys/acs/data.html
202062,1/1/2020,3667,2142,https://www.census.gov/programs-surveys/acs/data.html
202162,1/1/2021,4487,2387,https://www.census.gov/programs-surveys/acs/data.html
201163,1/1/2011,1860,1679,https://www.census.gov/programs-surveys/acs/data.html
201263,1/1/2012,1589,1403,https://www.census.gov/programs-surveys/acs/data.html
201363,1/1/2013,1668,1387,https://www.census.gov/programs-surveys/acs/data.html
201463,1/1/2014,1888,1370,https://www.census.gov/programs-surveys/acs/data.html
201563,1/1/2015,2342,1577,https://www.census.gov/programs-surveys/acs/data.html
201663,1/1/2016,2113,1490,https://www.census.gov/programs-surveys/acs/data.html
201763,1/1/2017,2227,1472,https://www.census.gov/programs-surveys/acs/data.html
201863,1/1/2018,2589,1579,https://www.census.gov/programs-surveys/acs/data.html
201963,1/1/2019,2749,1659,https://www.census.gov/programs-surveys/acs/data.html
202063,1/1/2020,2624,1674,https://www.census.gov/programs-surveys/acs/data.html
202163,1/1/2021,3023,1817,https://www.census.gov/programs-surveys/acs/data.html
201164,1/1/2011,5301,2905,https://www.census.gov/programs-surveys/acs/data.html
201264,1/1/2012,5459,2853,https://www.census.gov/programs-surveys/acs/data.html
201364,1/1/2013,5606,2704,https://www.census.gov/programs-surveys/acs/data.html
201464,1/1/2014,5983,2737,https://www.census.gov/programs-surveys/acs/data.html
201564,1/1/2015,6956,2874,https://www.census.gov/programs-surveys/acs/data.html
201664,1/1/2016,7207,3175,https://www.census.gov/programs-surveys/acs/data.html
201764,1/1/2017,6735,3024,https://www.census.gov/programs-surveys/acs/data.html
201864,1/1/2018,7042,3069,https://www.census.gov/programs-surveys/acs/data.html
201964,1/1/2019,8816,3246,https://www.census.gov/programs-surveys/acs/data.html
202064,1/1/2020,7624,3334,https://www.census.gov/programs-surveys/acs/data.html
202164,1/1/2021,9425,3552,https://www.census.gov/programs-surveys/acs/data.html
201165,1/1/2011,2300,1266,https://www.census.gov/programs-surveys/acs/data.html
201265,1/1/2012,2124,1236,https://www.census.gov/programs-surveys/acs/data.html
201365,1/1/2013,2245,1211,https://www.census.gov/programs-surveys/acs/data.html
201465,1/1/2014,2410,1219,https://www.census.gov/programs-surveys/acs/data.html
201565,1/1/2015,2445,1209,https://www.census.gov/programs-surveys/acs/data.html
201665,1/1/2016,2351,1237,https://www.census.gov/programs-surveys/acs/data.html
201765,1/1/2017,2508,1269,https://www.census.gov/programs-surveys/acs/data.html
201865,1/1/2018,2746,1341,https://www.census.gov/programs-surveys/acs/data.html
201965,1/1/2019,2844,1395,https://www.census.gov/programs-surveys/acs/data.html
202065,1/1/2020,2667,1353,https://www.census.gov/programs-surveys/acs/data.html
202165,1/1/2021,3000,1359,https://www.census.gov/programs-surveys/acs/data.html
201166,1/1/2011,4982,2201,https://www.census.gov/programs-surveys/acs/data.html
201266,1/1/2012,5690,2162,https://www.census.gov/programs-surveys/acs/data.html
201366,1/1/2013,5578,2156,https://www.census.gov/programs-surveys/acs/data.html
201466,1/1/2014,5547,2058,https://www.census.gov/programs-surveys/acs/data.html
201566,1/1/2015,5650,1981,https://www.census.gov/programs-surveys/acs/data.html
201666,1/1/2016,5895,2040,https://www.census.gov/programs-surveys/acs/data.html
201766,1/1/2017,5849,2159,https://www.census.gov/programs-surveys/acs/data.html
201866,1/1/2018,6420,2067,https://www.census.gov/programs-surveys/acs/data.html
201966,1/1/2019,6309,2184,https://www.census.gov/programs-surveys/acs/data.html
202066,1/1/2020,6309,2194,https://www.census.gov/programs-surveys/acs/data.html
202166,1/1/2021,7551,2255,https://www.census.gov/programs-surveys/acs/data.html
201167,1/1/2011,2419,1457,https://www.census.gov/programs-surveys/acs/data.html
201267,1/1/2012,2427,1416,https://www.census.gov/programs-surveys/acs/data.html
201367,1/1/2013,2378,1477,https://www.census.gov/programs-surveys/acs/data.html
201467,1/1/2014,2507,1461,https://www.census.gov/programs-surveys/acs/data.html
201567,1/1/2015,2566,1410,https://www.census.gov/programs-surveys/acs/data.html
201667,1/1/2016,2598,1468,https://www.census.gov/programs-surveys/acs/data.html
201767,1/1/2017,2760,1474,https://www.census.gov/programs-surveys/acs/data.html
201867,1/1/2018,2773,1489,https://www.census.gov/programs-surveys/acs/data.html
201967,1/1/2019,3063,1578,https://www.census.gov/programs-surveys/acs/data.html
202067,1/1/2020,2877,1559,https://www.census.gov/programs-surveys/acs/data.html
202167,1/1/2021,3322,1643,https://www.census.gov/programs-surveys/acs/data.html
201168,1/1/2011,1622,1059,https://www.census.gov/programs-surveys/acs/data.html
201268,1/1/2012,1664,1030,https://www.census.gov/programs-surveys/acs/data.html
201368,1/1/2013,1722,1048,https://www.census.gov/programs-surveys/acs/data.html
201468,1/1/2014,1783,1099,https://www.census.gov/programs-surveys/acs/data.html
201568,1/1/2015,1800,1079,https://www.census.gov/programs-surveys/acs/data.html
201668,1/1/2016,2035,1109,https://www.census.gov/programs-surveys/acs/data.html
201768,1/1/2017,1817,1168,https://www.census.gov/programs-surveys/acs/data.html
201868,1/1/2018,1832,1150,https://www.census.gov/programs-surveys/acs/data.html
201968,1/1/2019,1926,1173,https://www.census.gov/programs-surveys/acs/data.html
202068,1/1/2020,1890,1185,https://www.census.gov/programs-surveys/acs/data.html
202168,1/1/2021,2022,1275,https://www.census.gov/programs-surveys/acs/data.html
201169,1/1/2011,1827,1198,https://www.census.gov/programs-surveys/acs/data.html
201269,1/1/2012,1674,1152,https://www.census.gov/programs-surveys/acs/data.html
201369,1/1/2013,1963,1209,https://www.census.gov/programs-surveys/acs/data.html
201469,1/1/2014,1792,1184,https://www.census.gov/programs-surveys/acs/data.html
201569,1/1/2015,1836,1162,https://www.census.gov/programs-surveys/acs/data.html
201669,1/1/2016,1841,1158,https://www.census.gov/programs-surveys/acs/data.html
201769,1/1/2017,1904,1170,https://www.census.gov/programs-surveys/acs/data.html
201869,1/1/2018,1866,1158,https://www.census.gov/programs-surveys/acs/data.html
201969,1/1/2019,1892,1207,https://www.census.gov/programs-surveys/acs/data.html
202069,1/1/2020,1976,1206,https://www.census.gov/programs-surveys/acs/data.html
202169,1/1/2021,1947,1240,https://www.census.gov/programs-surveys/acs/data.html
201170,1/1/2011,1287,1151,https://www.census.gov/programs-surveys/acs/data.html
201270,1/1/2012,1334,1197,https://www.census.gov/programs-surveys/acs/data.html
201370,1/1/2013,1327,1096,https://www.census.gov/programs-surveys/acs/data.html
201470,1/1/2014,1262,1149,https://www.census.gov/programs-surveys/acs/data.html
201570,1/1/2015,1464,1227,https://www.census.gov/programs-surveys/acs/data.html
201670,1/1/2016,1462,1192,https://www.census.gov/programs-surveys/acs/data.html
201770,1/1/2017,1651,1220,https://www.census.gov/programs-surveys/acs/data.html
201870,1/1/2018,1970,1278,https://www.census.gov/programs-surveys/acs/data.html
201970,1/1/2019,1850,1290,https://www.census.gov/programs-surveys/acs/data.html
202070,1/1/2020,1701,1281,https://www.census.gov/programs-surveys/acs/data.html
202170,1/1/2021,1949,1294,https://www.census.gov/programs-surveys/acs/data.html
201171,1/1/2011,2766,1264,https://www.census.gov/programs-surveys/acs/data.html
201271,1/1/2012,2764,1255,https://www.census.gov/programs-surveys/acs/data.html
201371,1/1/2013,2761,1214,https://www.census.gov/programs-surveys/acs/data.html
201471,1/1/2014,2840,1219,https://www.census.gov/programs-surveys/acs/data.html
201571,1/1/2015,2844,1278,https://www.census.gov/programs-surveys/acs/data.html
201671,1/1/2016,2939,1279,https://www.census.gov/programs-surveys/acs/data.html
201771,1/1/2017,3071,1342,https://www.census.gov/programs-surveys/acs/data.html
201871,1/1/2018,3064,1335,https://www.census.gov/programs-surveys/acs/data.html
201971,1/1/2019,3171,1372,https://www.census.gov/programs-surveys/acs/data.html
202071,1/1/2020,3238,1396,https://www.census.gov/programs-surveys/acs/data.html
202171,1/1/2021,3710,1444,https://www.census.gov/programs-surveys/acs/data.html
201172,1/1/2011,4461,1894,https://www.census.gov/programs-surveys/acs/data.html
201272,1/1/2012,3939,1748,https://www.census.gov/programs-surveys/acs/data.html
201372,1/1/2013,4445,1822,https://www.census.gov/programs-surveys/acs/data.html
201472,1/1/2014,4441,1890,https://www.census.gov/programs-surveys/acs/data.html
201572,1/1/2015,4985,1948,https://www.census.gov/programs-surveys/acs/data.html
201672,1/1/2016,5130,1912,https://www.census.gov/programs-surveys/acs/data.html
201772,1/1/2017,5588,1951,https://www.census.gov/programs-surveys/acs/data.html
201872,1/1/2018,5904,2116,https://www.census.gov/programs-surveys/acs/data.html
201972,1/1/2019,6593,2355,https://www.census.gov/programs-surveys/acs/data.html
202072,1/1/2020,6119,2201,https://www.census.gov/programs-surveys/acs/data.html
202172,1/1/2021,6222,2265,https://www.census.gov/programs-surveys/acs/data.html
201173,1/1/2011,3857,1923,https://www.census.gov/programs-surveys/acs/data.html
201273,1/1/2012,3845,1995,https://www.census.gov/programs-surveys/acs/data.html
201373,1/1/2013,3941,1919,https://www.census.gov/programs-surveys/acs/data.html
201473,1/1/2014,4003,1910,https://www.census.gov/programs-surveys/acs/data.html
201573,1/1/2015,3901,1974,https://www.census.gov/programs-surveys/acs/data.html
201673,1/1/2016,4361,2072,https://www.census.gov/programs-surveys/acs/data.html
201773,1/1/2017,4068,2019,https://www.census.gov/programs-surveys/acs/data.html
201873,1/1/2018,4453,2115,https://www.census.gov/programs-surveys/acs/data.html
201973,1/1/2019,4319,1976,https://www.census.gov/programs-surveys/acs/data.html
202073,1/1/2020,4417,2148,https://www.census.gov/programs-surveys/acs/data.html
202173,1/1/2021,4539,2075,https://www.census.gov/programs-surveys/acs/data.html
201174,1/1/2011,2308,1398,https://www.census.gov/programs-surveys/acs/data.html
201274,1/1/2012,2305,1362,https://www.census.gov/programs-surveys/acs/data.html
201374,1/1/2013,2350,1340,https://www.census.gov/programs-surveys/acs/data.html
201474,1/1/2014,2378,1351,https://www.census.gov/programs-surveys/acs/data.html
201574,1/1/2015,2450,1361,https://www.census.gov/programs-surveys/acs/data.html
201674,1/1/2016,2528,1384,https://www.census.gov/programs-surveys/acs/data.html
201774,1/1/2017,2744,1413,https://www.census.gov/programs-surveys/acs/data.html
201874,1/1/2018,2652,1411,https://www.census.gov/programs-surveys/acs/data.html
201974,1/1/2019,2520,1377,https://www.census.gov/programs-surveys/acs/data.html
202074,1/1/2020,2705,1464,https://www.census.gov/programs-surveys/acs/data.html
202174,1/1/2021,2898,1600,https://www.census.gov/programs-surveys/acs/data.html
201175,1/1/2011,6530,2736,https://www.census.gov/programs-surveys/acs/data.html
201275,1/1/2012,6687,2448,https://www.census.gov/programs-surveys/acs/data.html
201375,1/1/2013,6773,2453,https://www.census.gov/programs-surveys/acs/data.html
201475,1/1/2014,7476,2542,https://www.census.gov/programs-surveys/acs/data.html
201575,1/1/2015,7046,2578,https://www.census.gov/programs-surveys/acs/data.html
201675,1/1/2016,7199,2624,https://www.census.gov/programs-surveys/acs/data.html
201775,1/1/2017,7792,2604,https://www.census.gov/programs-surveys/acs/data.html
201875,1/1/2018,7416,2579,https://www.census.gov/programs-surveys/acs/data.html
201975,1/1/2019,6686,2536,https://www.census.gov/programs-surveys/acs/data.html
202075,1/1/2020,7438,2735,https://www.census.gov/programs-surveys/acs/data.html
202175,1/1/2021,8171,2777,https://www.census.gov/programs-surveys/acs/data.html
