Identifier,Median_Rent,Observation_Date,Data_Source_Link
201101,1168,1/1/2011,https://www.census.gov/programs-surveys/acs/data.html
201201,1196,1/1/2012,https://www.census.gov/programs-surveys/acs/data.html
201301,1228,1/1/2013,https://www.census.gov/programs-surveys/acs/data.html
201401,1276,1/1/2014,https://www.census.gov/programs-surveys/acs/data.html
201501,1317,1/1/2015,https://www.census.gov/programs-surveys/acs/data.html
201601,1351,1/1/2016,https://www.census.gov/programs-surveys/acs/data.html
201701,1379,1/1/2017,https://www.census.gov/programs-surveys/acs/data.html
201801,1443,1/1/2018,https://www.census.gov/programs-surveys/acs/data.html
201901,1483,1/1/2019,https://www.census.gov/programs-surveys/acs/data.html
202001,1489,1/1/2020,https://www.census.gov/programs-surveys/acs/data.html
202101,1602,1/1/2021,https://www.census.gov/programs-surveys/acs/data.html
201102,1135,1/1/2011,https://www.census.gov/programs-surveys/acs/data.html
201202,1148,1/1/2012,https://www.census.gov/programs-surveys/acs/data.html
201302,1182,1/1/2013,https://www.census.gov/programs-surveys/acs/data.html
201402,1214,1/1/2014,https://www.census.gov/programs-surveys/acs/data.html
201502,1271,1/1/2015,https://www.census.gov/programs-surveys/acs/data.html
201602,1315,1/1/2016,https://www.census.gov/programs-surveys/acs/data.html
201702,1397,1/1/2017,https://www.census.gov/programs-surveys/acs/data.html
201802,1474,1/1/2018,https://www.census.gov/programs-surveys/acs/data.html
201902,1554,1/1/2019,https://www.census.gov/programs-surveys/acs/data.html
202002,1523,1/1/2020,https://www.census.gov/programs-surveys/acs/data.html
202102,1703,1/1/2021,https://www.census.gov/programs-surveys/acs/data.html
201103,905,1/1/2011,https://www.census.gov/programs-surveys/acs/data.html
201203,920,1/1/2012,https://www.census.gov/programs-surveys/acs/data.html
201303,943,1/1/2013,https://www.census.gov/programs-surveys/acs/data.html
201403,968,1/1/2014,https://www.census.gov/programs-surveys/acs/data.html
201503,985,1/1/2015,https://www.census.gov/programs-surveys/acs/data.html
201603,1034,1/1/2016,https://www.census.gov/programs-surveys/acs/data.html
201703,1067,1/1/2017,https://www.census.gov/programs-surveys/acs/data.html
201803,1100,1/1/2018,https://www.census.gov/programs-surveys/acs/data.html
201903,1134,1/1/2019,https://www.census.gov/programs-surveys/acs/data.html
202003,1154,1/1/2020,https://www.census.gov/programs-surveys/acs/data.html
202103,1240,1/1/2021,https://www.census.gov/programs-surveys/acs/data.html
201104,808,1/1/2011,https://www.census.gov/programs-surveys/acs/data.html
201204,823,1/1/2012,https://www.census.gov/programs-surveys/acs/data.html
201304,841,1/1/2013,https://www.census.gov/programs-surveys/acs/data.html
201404,877,1/1/2014,https://www.census.gov/programs-surveys/acs/data.html
201504,923,1/1/2015,https://www.census.gov/programs-surveys/acs/data.html
201604,952,1/1/2016,https://www.census.gov/programs-surveys/acs/data.html
201704,986,1/1/2017,https://www.census.gov/programs-surveys/acs/data.html
201804,1032,1/1/2018,https://www.census.gov/programs-surveys/acs/data.html
201904,1095,1/1/2019,https://www.census.gov/programs-surveys/acs/data.html
202004,1086,1/1/2020,https://www.census.gov/programs-surveys/acs/data.html
202104,1120,1/1/2021,https://www.census.gov/programs-surveys/acs/data.html
201105,815,1/1/2011,https://www.census.gov/programs-surveys/acs/data.html
201205,859,1/1/2012,https://www.census.gov/programs-surveys/acs/data.html
201305,868,1/1/2013,https://www.census.gov/programs-surveys/acs/data.html
201405,883,1/1/2014,https://www.census.gov/programs-surveys/acs/data.html
201505,922,1/1/2015,https://www.census.gov/programs-surveys/acs/data.html
201605,960,1/1/2016,https://www.census.gov/programs-surveys/acs/data.html
201705,1013,1/1/2017,https://www.census.gov/programs-surveys/acs/data.html
201805,1049,1/1/2018,https://www.census.gov/programs-surveys/acs/data.html
201905,1107,1/1/2019,https://www.census.gov/programs-surveys/acs/data.html
202005,1100,1/1/2020,https://www.census.gov/programs-surveys/acs/data.html
202105,1293,1/1/2021,https://www.census.gov/programs-surveys/acs/data.html
201106,853,1/1/2011,https://www.census.gov/programs-surveys/acs/data.html
201206,876,1/1/2012,https://www.census.gov/programs-surveys/acs/data.html
201306,913,1/1/2013,https://www.census.gov/programs-surveys/acs/data.html
201406,936,1/1/2014,https://www.census.gov/programs-surveys/acs/data.html
201506,952,1/1/2015,https://www.census.gov/programs-surveys/acs/data.html
201606,976,1/1/2016,https://www.census.gov/programs-surveys/acs/data.html
201706,969,1/1/2017,https://www.census.gov/programs-surveys/acs/data.html
201806,1032,1/1/2018,https://www.census.gov/programs-surveys/acs/data.html
201906,1079,1/1/2019,https://www.census.gov/programs-surveys/acs/data.html
202006,1084,1/1/2020,https://www.census.gov/programs-surveys/acs/data.html
202106,1181,1/1/2021,https://www.census.gov/programs-surveys/acs/data.html
201107,787,1/1/2011,https://www.census.gov/programs-surveys/acs/data.html
201207,800,1/1/2012,https://www.census.gov/programs-surveys/acs/data.html
201307,829,1/1/2013,https://www.census.gov/programs-surveys/acs/data.html
201407,873,1/1/2014,https://www.census.gov/programs-surveys/acs/data.html
201507,901,1/1/2015,https://www.census.gov/programs-surveys/acs/data.html
201607,924,1/1/2016,https://www.census.gov/programs-surveys/acs/data.html
201707,926,1/1/2017,https://www.census.gov/programs-surveys/acs/data.html
201807,972,1/1/2018,https://www.census.gov/programs-surveys/acs/data.html
201907,1029,1/1/2019,https://www.census.gov/programs-surveys/acs/data.html
202007,1025,1/1/2020,https://www.census.gov/programs-surveys/acs/data.html
202107,1123,1/1/2021,https://www.census.gov/programs-surveys/acs/data.html
201108,1277,1/1/2011,https://www.census.gov/programs-surveys/acs/data.html
201208,1298,1/1/2012,https://www.census.gov/programs-surveys/acs/data.html
201308,1333,1/1/2013,https://www.census.gov/programs-surveys/acs/data.html
201408,1412,1/1/2014,https://www.census.gov/programs-surveys/acs/data.html
201508,1444,1/1/2015,https://www.census.gov/programs-surveys/acs/data.html
201608,1552,1/1/2016,https://www.census.gov/programs-surveys/acs/data.html
201708,1642,1/1/2017,https://www.census.gov/programs-surveys/acs/data.html
201808,1698,1/1/2018,https://www.census.gov/programs-surveys/acs/data.html
201908,1806,1/1/2019,https://www.census.gov/programs-surveys/acs/data.html
202008,1770,1/1/2020,https://www.census.gov/programs-surveys/acs/data.html
202108,1962,1/1/2021,https://www.census.gov/programs-surveys/acs/data.html
201109,794,1/1/2011,https://www.census.gov/programs-surveys/acs/data.html
201209,807,1/1/2012,https://www.census.gov/programs-surveys/acs/data.html
201309,839,1/1/2013,https://www.census.gov/programs-surveys/acs/data.html
201409,861,1/1/2014,https://www.census.gov/programs-surveys/acs/data.html
201509,903,1/1/2015,https://www.census.gov/programs-surveys/acs/data.html
201609,935,1/1/2016,https://www.census.gov/programs-surveys/acs/data.html
201709,992,1/1/2017,https://www.census.gov/programs-surveys/acs/data.html
201809,1054,1/1/2018,https://www.census.gov/programs-surveys/acs/data.html
201909,1128,1/1/2019,https://www.census.gov/programs-surveys/acs/data.html
202009,1111,1/1/2020,https://www.census.gov/programs-surveys/acs/data.html
202109,1213,1/1/2021,https://www.census.gov/programs-surveys/acs/data.html
201110,1385,1/1/2011,https://www.census.gov/programs-surveys/acs/data.html
201210,1466,1/1/2012,https://www.census.gov/programs-surveys/acs/data.html
201310,1508,1/1/2013,https://www.census.gov/programs-surveys/acs/data.html
201410,1668,1/1/2014,https://www.census.gov/programs-surveys/acs/data.html
201510,1757,1/1/2015,https://www.census.gov/programs-surveys/acs/data.html
201610,1919,1/1/2016,https://www.census.gov/programs-surveys/acs/data.html
201710,2109,1/1/2017,https://www.census.gov/programs-surveys/acs/data.html
201810,2161,1/1/2018,https://www.census.gov/programs-surveys/acs/data.html
201910,2223,1/1/2019,https://www.census.gov/programs-surveys/acs/data.html
202010,2232,1/1/2020,https://www.census.gov/programs-surveys/acs/data.html
202110,2328,1/1/2021,https://www.census.gov/programs-surveys/acs/data.html
201111,905,1/1/2011,https://www.census.gov/programs-surveys/acs/data.html
201211,974,1/1/2012,https://www.census.gov/programs-surveys/acs/data.html
201311,1008,1/1/2013,https://www.census.gov/programs-surveys/acs/data.html
201411,1084,1/1/2014,https://www.census.gov/programs-surveys/acs/data.html
201511,1139,1/1/2015,https://www.census.gov/programs-surveys/acs/data.html
201611,1194,1/1/2016,https://www.census.gov/programs-surveys/acs/data.html
201711,1244,1/1/2017,https://www.census.gov/programs-surveys/acs/data.html
201811,1314,1/1/2018,https://www.census.gov/programs-surveys/acs/data.html
201911,1334,1/1/2019,https://www.census.gov/programs-surveys/acs/data.html
202011,1346,1/1/2020,https://www.census.gov/programs-surveys/acs/data.html
202111,1426,1/1/2021,https://www.census.gov/programs-surveys/acs/data.html
201112,904,1/1/2011,https://www.census.gov/programs-surveys/acs/data.html
201212,886,1/1/2012,https://www.census.gov/programs-surveys/acs/data.html
201312,918,1/1/2013,https://www.census.gov/programs-surveys/acs/data.html
201412,937,1/1/2014,https://www.census.gov/programs-surveys/acs/data.html
201512,963,1/1/2015,https://www.census.gov/programs-surveys/acs/data.html
201612,980,1/1/2016,https://www.census.gov/programs-surveys/acs/data.html
201712,988,1/1/2017,https://www.census.gov/programs-surveys/acs/data.html
201812,1074,1/1/2018,https://www.census.gov/programs-surveys/acs/data.html
201912,1099,1/1/2019,https://www.census.gov/programs-surveys/acs/data.html
202012,1089,1/1/2020,https://www.census.gov/programs-surveys/acs/data.html
202112,1194,1/1/2021,https://www.census.gov/programs-surveys/acs/data.html
201113,795,1/1/2011,https://www.census.gov/programs-surveys/acs/data.html
201213,847,1/1/2012,https://www.census.gov/programs-surveys/acs/data.html
201313,869,1/1/2013,https://www.census.gov/programs-surveys/acs/data.html
201413,913,1/1/2014,https://www.census.gov/programs-surveys/acs/data.html
201513,936,1/1/2015,https://www.census.gov/programs-surveys/acs/data.html
201613,974,1/1/2016,https://www.census.gov/programs-surveys/acs/data.html
201713,994,1/1/2017,https://www.census.gov/programs-surveys/acs/data.html
201813,1061,1/1/2018,https://www.census.gov/programs-surveys/acs/data.html
201913,1110,1/1/2019,https://www.census.gov/programs-surveys/acs/data.html
202013,1115,1/1/2020,https://www.census.gov/programs-surveys/acs/data.html
202113,1240,1/1/2021,https://www.census.gov/programs-surveys/acs/data.html
201114,776,1/1/2011,https://www.census.gov/programs-surveys/acs/data.html
201214,788,1/1/2012,https://www.census.gov/programs-surveys/acs/data.html
201314,809,1/1/2013,https://www.census.gov/programs-surveys/acs/data.html
201414,845,1/1/2014,https://www.census.gov/programs-surveys/acs/data.html
201514,871,1/1/2015,https://www.census.gov/programs-surveys/acs/data.html
201614,882,1/1/2016,https://www.census.gov/programs-surveys/acs/data.html
201714,917,1/1/2017,https://www.census.gov/programs-surveys/acs/data.html
201814,954,1/1/2018,https://www.census.gov/programs-surveys/acs/data.html
201914,984,1/1/2019,https://www.census.gov/programs-surveys/acs/data.html
202014,989,1/1/2020,https://www.census.gov/programs-surveys/acs/data.html
202114,1098,1/1/2021,https://www.census.gov/programs-surveys/acs/data.html
201115,742,1/1/2011,https://www.census.gov/programs-surveys/acs/data.html
201215,748,1/1/2012,https://www.census.gov/programs-surveys/acs/data.html
201315,779,1/1/2013,https://www.census.gov/programs-surveys/acs/data.html
201415,794,1/1/2014,https://www.census.gov/programs-surveys/acs/data.html
201515,807,1/1/2015,https://www.census.gov/programs-surveys/acs/data.html
201615,835,1/1/2016,https://www.census.gov/programs-surveys/acs/data.html
201715,870,1/1/2017,https://www.census.gov/programs-surveys/acs/data.html
201815,881,1/1/2018,https://www.census.gov/programs-surveys/acs/data.html
201915,908,1/1/2019,https://www.census.gov/programs-surveys/acs/data.html
202015,911,1/1/2020,https://www.census.gov/programs-surveys/acs/data.html
202115,963,1/1/2021,https://www.census.gov/programs-surveys/acs/data.html
201116,851,1/1/2011,https://www.census.gov/programs-surveys/acs/data.html
201216,872,1/1/2012,https://www.census.gov/programs-surveys/acs/data.html
201316,888,1/1/2013,https://www.census.gov/programs-surveys/acs/data.html
201416,943,1/1/2014,https://www.census.gov/programs-surveys/acs/data.html
201516,978,1/1/2015,https://www.census.gov/programs-surveys/acs/data.html
201616,1052,1/1/2016,https://www.census.gov/programs-surveys/acs/data.html
201716,1088,1/1/2017,https://www.census.gov/programs-surveys/acs/data.html
201816,1154,1/1/2018,https://www.census.gov/programs-surveys/acs/data.html
201916,1174,1/1/2019,https://www.census.gov/programs-surveys/acs/data.html
202016,1185,1/1/2020,https://www.census.gov/programs-surveys/acs/data.html
202116,1301,1/1/2021,https://www.census.gov/programs-surveys/acs/data.html
201117,1407,1/1/2011,https://www.census.gov/programs-surveys/acs/data.html
201217,1512,1/1/2012,https://www.census.gov/programs-surveys/acs/data.html
201317,1491,1/1/2013,https://www.census.gov/programs-surveys/acs/data.html
201417,1587,1/1/2014,https://www.census.gov/programs-surveys/acs/data.html
201517,1659,1/1/2015,https://www.census.gov/programs-surveys/acs/data.html
201617,1784,1/1/2016,https://www.census.gov/programs-surveys/acs/data.html
201717,1836,1/1/2017,https://www.census.gov/programs-surveys/acs/data.html
201817,1880,1/1/2018,https://www.census.gov/programs-surveys/acs/data.html
201917,1959,1/1/2019,https://www.census.gov/programs-surveys/acs/data.html
202017,2010,1/1/2020,https://www.census.gov/programs-surveys/acs/data.html
202117,2167,1/1/2021,https://www.census.gov/programs-surveys/acs/data.html
201118,1024,1/1/2011,https://www.census.gov/programs-surveys/acs/data.html
201218,1072,1/1/2012,https://www.census.gov/programs-surveys/acs/data.html
201318,1172,1/1/2013,https://www.census.gov/programs-surveys/acs/data.html
201418,1202,1/1/2014,https://www.census.gov/programs-surveys/acs/data.html
201518,1356,1/1/2015,https://www.census.gov/programs-surveys/acs/data.html
201618,1448,1/1/2016,https://www.census.gov/programs-surveys/acs/data.html
201718,1555,1/1/2017,https://www.census.gov/programs-surveys/acs/data.html
201818,1699,1/1/2018,https://www.census.gov/programs-surveys/acs/data.html
201918,1744,1/1/2019,https://www.census.gov/programs-surveys/acs/data.html
202018,1702,1/1/2020,https://www.census.gov/programs-surveys/acs/data.html
202118,1787,1/1/2021,https://www.census.gov/programs-surveys/acs/data.html
201119,849,1/1/2011,https://www.census.gov/programs-surveys/acs/data.html
201219,872,1/1/2012,https://www.census.gov/programs-surveys/acs/data.html
201319,898,1/1/2013,https://www.census.gov/programs-surveys/acs/data.html
201419,993,1/1/2014,https://www.census.gov/programs-surveys/acs/data.html
201519,1094,1/1/2015,https://www.census.gov/programs-surveys/acs/data.html
201619,1223,1/1/2016,https://www.census.gov/programs-surveys/acs/data.html
201719,1286,1/1/2017,https://www.census.gov/programs-surveys/acs/data.html
201819,1330,1/1/2018,https://www.census.gov/programs-surveys/acs/data.html
201919,1433,1/1/2019,https://www.census.gov/programs-surveys/acs/data.html
202019,1397,1/1/2020,https://www.census.gov/programs-surveys/acs/data.html
202119,1549,1/1/2021,https://www.census.gov/programs-surveys/acs/data.html
201120,733,1/1/2011,https://www.census.gov/programs-surveys/acs/data.html
201220,742,1/1/2012,https://www.census.gov/programs-surveys/acs/data.html
201320,747,1/1/2013,https://www.census.gov/programs-surveys/acs/data.html
201420,768,1/1/2014,https://www.census.gov/programs-surveys/acs/data.html
201520,814,1/1/2015,https://www.census.gov/programs-surveys/acs/data.html
201620,802,1/1/2016,https://www.census.gov/programs-surveys/acs/data.html
201720,841,1/1/2017,https://www.census.gov/programs-surveys/acs/data.html
201820,872,1/1/2018,https://www.census.gov/programs-surveys/acs/data.html
201920,874,1/1/2019,https://www.census.gov/programs-surveys/acs/data.html
202020,884,1/1/2020,https://www.census.gov/programs-surveys/acs/data.html
202120,936,1/1/2021,https://www.census.gov/programs-surveys/acs/data.html
201122,706,1/1/2011,https://www.census.gov/programs-surveys/acs/data.html
201222,733,1/1/2012,https://www.census.gov/programs-surveys/acs/data.html
201322,756,1/1/2013,https://www.census.gov/programs-surveys/acs/data.html
201422,745,1/1/2014,https://www.census.gov/programs-surveys/acs/data.html
201522,752,1/1/2015,https://www.census.gov/programs-surveys/acs/data.html
201622,778,1/1/2016,https://www.census.gov/programs-surveys/acs/data.html
201722,832,1/1/2017,https://www.census.gov/programs-surveys/acs/data.html
201822,798,1/1/2018,https://www.census.gov/programs-surveys/acs/data.html
201922,847,1/1/2019,https://www.census.gov/programs-surveys/acs/data.html
202022,857,1/1/2020,https://www.census.gov/programs-surveys/acs/data.html
202122,904,1/1/2021,https://www.census.gov/programs-surveys/acs/data.html
201123,1216,1/1/2011,https://www.census.gov/programs-surveys/acs/data.html
201223,1235,1/1/2012,https://www.census.gov/programs-surveys/acs/data.html
201323,1307,1/1/2013,https://www.census.gov/programs-surveys/acs/data.html
201423,1360,1/1/2014,https://www.census.gov/programs-surveys/acs/data.html
201523,1417,1/1/2015,https://www.census.gov/programs-surveys/acs/data.html
201623,1376,1/1/2016,https://www.census.gov/programs-surveys/acs/data.html
201723,1499,1/1/2017,https://www.census.gov/programs-surveys/acs/data.html
201823,1516,1/1/2018,https://www.census.gov/programs-surveys/acs/data.html
201923,1603,1/1/2019,https://www.census.gov/programs-surveys/acs/data.html
202023,1607,1/1/2020,https://www.census.gov/programs-surveys/acs/data.html
202123,1668,1/1/2021,https://www.census.gov/programs-surveys/acs/data.html
201124,1238,1/1/2011,https://www.census.gov/programs-surveys/acs/data.html
201224,1234,1/1/2012,https://www.census.gov/programs-surveys/acs/data.html
201324,1263,1/1/2013,https://www.census.gov/programs-surveys/acs/data.html
201424,1352,1/1/2014,https://www.census.gov/programs-surveys/acs/data.html
201524,1423,1/1/2015,https://www.census.gov/programs-surveys/acs/data.html
201624,1491,1/1/2016,https://www.census.gov/programs-surveys/acs/data.html
201724,1541,1/1/2017,https://www.census.gov/programs-surveys/acs/data.html
201824,1647,1/1/2018,https://www.census.gov/programs-surveys/acs/data.html
201924,1735,1/1/2019,https://www.census.gov/programs-surveys/acs/data.html
202024,1685,1/1/2020,https://www.census.gov/programs-surveys/acs/data.html
202124,1808,1/1/2021,https://www.census.gov/programs-surveys/acs/data.html
201125,934,1/1/2011,https://www.census.gov/programs-surveys/acs/data.html
201225,936,1/1/2012,https://www.census.gov/programs-surveys/acs/data.html
201325,967,1/1/2013,https://www.census.gov/programs-surveys/acs/data.html
201425,949,1/1/2014,https://www.census.gov/programs-surveys/acs/data.html
201525,983,1/1/2015,https://www.census.gov/programs-surveys/acs/data.html
201625,996,1/1/2016,https://www.census.gov/programs-surveys/acs/data.html
201725,1071,1/1/2017,https://www.census.gov/programs-surveys/acs/data.html
201825,1086,1/1/2018,https://www.census.gov/programs-surveys/acs/data.html
201925,1141,1/1/2019,https://www.census.gov/programs-surveys/acs/data.html
202025,1153,1/1/2020,https://www.census.gov/programs-surveys/acs/data.html
202125,1249,1/1/2021,https://www.census.gov/programs-surveys/acs/data.html
201126,876,1/1/2011,https://www.census.gov/programs-surveys/acs/data.html
201226,905,1/1/2012,https://www.census.gov/programs-surveys/acs/data.html
201326,956,1/1/2013,https://www.census.gov/programs-surveys/acs/data.html
201426,1001,1/1/2014,https://www.census.gov/programs-surveys/acs/data.html
201526,1047,1/1/2015,https://www.census.gov/programs-surveys/acs/data.html
201626,1153,1/1/2016,https://www.census.gov/programs-surveys/acs/data.html
201726,1216,1/1/2017,https://www.census.gov/programs-surveys/acs/data.html
201826,1297,1/1/2018,https://www.census.gov/programs-surveys/acs/data.html
201926,1312,1/1/2019,https://www.census.gov/programs-surveys/acs/data.html
202026,1325,1/1/2020,https://www.census.gov/programs-surveys/acs/data.html
202126,1394,1/1/2021,https://www.census.gov/programs-surveys/acs/data.html
201127,741,1/1/2011,https://www.census.gov/programs-surveys/acs/data.html
201227,725,1/1/2012,https://www.census.gov/programs-surveys/acs/data.html
201327,727,1/1/2013,https://www.census.gov/programs-surveys/acs/data.html
201427,737,1/1/2014,https://www.census.gov/programs-surveys/acs/data.html
201527,747,1/1/2015,https://www.census.gov/programs-surveys/acs/data.html
201627,771,1/1/2016,https://www.census.gov/programs-surveys/acs/data.html
201727,782,1/1/2017,https://www.census.gov/programs-surveys/acs/data.html
201827,836,1/1/2018,https://www.census.gov/programs-surveys/acs/data.html
201927,866,1/1/2019,https://www.census.gov/programs-surveys/acs/data.html
202027,850,1/1/2020,https://www.census.gov/programs-surveys/acs/data.html
202127,925,1/1/2021,https://www.census.gov/programs-surveys/acs/data.html
201129,785,1/1/2011,https://www.census.gov/programs-surveys/acs/data.html
201229,797,1/1/2012,https://www.census.gov/programs-surveys/acs/data.html
201329,800,1/1/2013,https://www.census.gov/programs-surveys/acs/data.html
201429,834,1/1/2014,https://www.census.gov/programs-surveys/acs/data.html
201529,826,1/1/2015,https://www.census.gov/programs-surveys/acs/data.html
201629,857,1/1/2016,https://www.census.gov/programs-surveys/acs/data.html
201729,863,1/1/2017,https://www.census.gov/programs-surveys/acs/data.html
201829,863,1/1/2018,https://www.census.gov/programs-surveys/acs/data.html
201929,923,1/1/2019,https://www.census.gov/programs-surveys/acs/data.html
202029,915,1/1/2020,https://www.census.gov/programs-surveys/acs/data.html
202129,989,1/1/2021,https://www.census.gov/programs-surveys/acs/data.html
201130,880,1/1/2011,https://www.census.gov/programs-surveys/acs/data.html
201230,886,1/1/2012,https://www.census.gov/programs-surveys/acs/data.html
201330,917,1/1/2013,https://www.census.gov/programs-surveys/acs/data.html
201430,980,1/1/2014,https://www.census.gov/programs-surveys/acs/data.html
201530,981,1/1/2015,https://www.census.gov/programs-surveys/acs/data.html
201630,999,1/1/2016,https://www.census.gov/programs-surveys/acs/data.html
201730,1035,1/1/2017,https://www.census.gov/programs-surveys/acs/data.html
201830,1057,1/1/2018,https://www.census.gov/programs-surveys/acs/data.html
201930,1090,1/1/2019,https://www.census.gov/programs-surveys/acs/data.html
202030,1094,1/1/2020,https://www.census.gov/programs-surveys/acs/data.html
202130,1167,1/1/2021,https://www.census.gov/programs-surveys/acs/data.html
201131,737,1/1/2011,https://www.census.gov/programs-surveys/acs/data.html
201231,748,1/1/2012,https://www.census.gov/programs-surveys/acs/data.html
201331,777,1/1/2013,https://www.census.gov/programs-surveys/acs/data.html
201431,800,1/1/2014,https://www.census.gov/programs-surveys/acs/data.html
201531,802,1/1/2015,https://www.census.gov/programs-surveys/acs/data.html
201631,809,1/1/2016,https://www.census.gov/programs-surveys/acs/data.html
201731,820,1/1/2017,https://www.census.gov/programs-surveys/acs/data.html
201831,835,1/1/2018,https://www.census.gov/programs-surveys/acs/data.html
201931,865,1/1/2019,https://www.census.gov/programs-surveys/acs/data.html
202031,883,1/1/2020,Created through average rate of change
202131,935,1/1/2021,https://www.census.gov/programs-surveys/acs/data.html
201132,734,1/1/2011,https://www.census.gov/programs-surveys/acs/data.html
201232,773,1/1/2012,https://www.census.gov/programs-surveys/acs/data.html
201332,810,1/1/2013,https://www.census.gov/programs-surveys/acs/data.html
201432,804,1/1/2014,https://www.census.gov/programs-surveys/acs/data.html
201532,802,1/1/2015,https://www.census.gov/programs-surveys/acs/data.html
201632,809,1/1/2016,https://www.census.gov/programs-surveys/acs/data.html
201732,837,1/1/2017,https://www.census.gov/programs-surveys/acs/data.html
201832,870,1/1/2018,https://www.census.gov/programs-surveys/acs/data.html
201932,905,1/1/2019,https://www.census.gov/programs-surveys/acs/data.html
202032,889,1/1/2020,https://www.census.gov/programs-surveys/acs/data.html
202132,946,1/1/2021,https://www.census.gov/programs-surveys/acs/data.html
201133,866,1/1/2011,https://www.census.gov/programs-surveys/acs/data.html
201233,869,1/1/2012,https://www.census.gov/programs-surveys/acs/data.html
201333,870,1/1/2013,https://www.census.gov/programs-surveys/acs/data.html
201433,880,1/1/2014,https://www.census.gov/programs-surveys/acs/data.html
201533,910,1/1/2015,https://www.census.gov/programs-surveys/acs/data.html
201633,913,1/1/2016,https://www.census.gov/programs-surveys/acs/data.html
201733,954,1/1/2017,https://www.census.gov/programs-surveys/acs/data.html
201833,1019,1/1/2018,https://www.census.gov/programs-surveys/acs/data.html
201933,1058,1/1/2019,https://www.census.gov/programs-surveys/acs/data.html
202033,1041,1/1/2020,https://www.census.gov/programs-surveys/acs/data.html
202133,1166,1/1/2021,https://www.census.gov/programs-surveys/acs/data.html
201134,701,1/1/2011,https://www.census.gov/programs-surveys/acs/data.html
201234,719,1/1/2012,https://www.census.gov/programs-surveys/acs/data.html
201334,745,1/1/2013,https://www.census.gov/programs-surveys/acs/data.html
201434,758,1/1/2014,https://www.census.gov/programs-surveys/acs/data.html
201534,775,1/1/2015,https://www.census.gov/programs-surveys/acs/data.html
201634,783,1/1/2016,https://www.census.gov/programs-surveys/acs/data.html
201734,817,1/1/2017,https://www.census.gov/programs-surveys/acs/data.html
201834,823,1/1/2018,https://www.census.gov/programs-surveys/acs/data.html
201934,846,1/1/2019,https://www.census.gov/programs-surveys/acs/data.html
202034,861,1/1/2020,https://www.census.gov/programs-surveys/acs/data.html
202134,956,1/1/2021,https://www.census.gov/programs-surveys/acs/data.html
201135,954,1/1/2011,https://www.census.gov/programs-surveys/acs/data.html
201235,970,1/1/2012,https://www.census.gov/programs-surveys/acs/data.html
201335,1010,1/1/2013,https://www.census.gov/programs-surveys/acs/data.html
201435,993,1/1/2014,https://www.census.gov/programs-surveys/acs/data.html
201535,1085,1/1/2015,https://www.census.gov/programs-surveys/acs/data.html
201635,1119,1/1/2016,https://www.census.gov/programs-surveys/acs/data.html
201735,1215,1/1/2017,https://www.census.gov/programs-surveys/acs/data.html
201835,1310,1/1/2018,https://www.census.gov/programs-surveys/acs/data.html
201935,1370,1/1/2019,https://www.census.gov/programs-surveys/acs/data.html
202035,1328,1/1/2020,https://www.census.gov/programs-surveys/acs/data.html
202135,1549,1/1/2021,https://www.census.gov/programs-surveys/acs/data.html
201136,837,1/1/2011,https://www.census.gov/programs-surveys/acs/data.html
201236,850,1/1/2012,https://www.census.gov/programs-surveys/acs/data.html
201336,840,1/1/2013,https://www.census.gov/programs-surveys/acs/data.html
201436,888,1/1/2014,https://www.census.gov/programs-surveys/acs/data.html
201536,892,1/1/2015,https://www.census.gov/programs-surveys/acs/data.html
201636,960,1/1/2016,https://www.census.gov/programs-surveys/acs/data.html
201736,1003,1/1/2017,https://www.census.gov/programs-surveys/acs/data.html
201836,1057,1/1/2018,https://www.census.gov/programs-surveys/acs/data.html
201936,1128,1/1/2019,https://www.census.gov/programs-surveys/acs/data.html
202036,1105,1/1/2020,https://www.census.gov/programs-surveys/acs/data.html
202136,1302,1/1/2021,https://www.census.gov/programs-surveys/acs/data.html
201137,778,1/1/2011,https://www.census.gov/programs-surveys/acs/data.html
201237,764,1/1/2012,https://www.census.gov/programs-surveys/acs/data.html
201337,785,1/1/2013,https://www.census.gov/programs-surveys/acs/data.html
201437,798,1/1/2014,https://www.census.gov/programs-surveys/acs/data.html
201537,833,1/1/2015,https://www.census.gov/programs-surveys/acs/data.html
201637,857,1/1/2016,https://www.census.gov/programs-surveys/acs/data.html
201737,919,1/1/2017,https://www.census.gov/programs-surveys/acs/data.html
201837,952,1/1/2018,https://www.census.gov/programs-surveys/acs/data.html
201937,979,1/1/2019,https://www.census.gov/programs-surveys/acs/data.html
202037,979,1/1/2020,https://www.census.gov/programs-surveys/acs/data.html
202137,1071,1/1/2021,https://www.census.gov/programs-surveys/acs/data.html
201138,916,1/1/2011,https://www.census.gov/programs-surveys/acs/data.html
201238,940,1/1/2012,https://www.census.gov/programs-surveys/acs/data.html
201338,963,1/1/2013,https://www.census.gov/programs-surveys/acs/data.html
201438,962,1/1/2014,https://www.census.gov/programs-surveys/acs/data.html
201538,981,1/1/2015,https://www.census.gov/programs-surveys/acs/data.html
201638,1084,1/1/2016,https://www.census.gov/programs-surveys/acs/data.html
201738,1104,1/1/2017,https://www.census.gov/programs-surveys/acs/data.html
201838,1204,1/1/2018,https://www.census.gov/programs-surveys/acs/data.html
201938,1257,1/1/2019,https://www.census.gov/programs-surveys/acs/data.html
202038,1227,1/1/2020,https://www.census.gov/programs-surveys/acs/data.html
202138,1446,1/1/2021,https://www.census.gov/programs-surveys/acs/data.html
201139,738,1/1/2011,https://www.census.gov/programs-surveys/acs/data.html
201239,760,1/1/2012,https://www.census.gov/programs-surveys/acs/data.html
201339,767,1/1/2013,https://www.census.gov/programs-surveys/acs/data.html
201439,817,1/1/2014,https://www.census.gov/programs-surveys/acs/data.html
201539,813,1/1/2015,https://www.census.gov/programs-surveys/acs/data.html
201639,860,1/1/2016,https://www.census.gov/programs-surveys/acs/data.html
201739,892,1/1/2017,https://www.census.gov/programs-surveys/acs/data.html
201839,904,1/1/2018,https://www.census.gov/programs-surveys/acs/data.html
201939,940,1/1/2019,https://www.census.gov/programs-surveys/acs/data.html
202039,948,1/1/2020,https://www.census.gov/programs-surveys/acs/data.html
202139,992,1/1/2021,https://www.census.gov/programs-surveys/acs/data.html
201140,834,1/1/2011,https://www.census.gov/programs-surveys/acs/data.html
201240,855,1/1/2012,https://www.census.gov/programs-surveys/acs/data.html
201340,897,1/1/2013,https://www.census.gov/programs-surveys/acs/data.html
201440,923,1/1/2014,https://www.census.gov/programs-surveys/acs/data.html
201540,985,1/1/2015,https://www.census.gov/programs-surveys/acs/data.html
201640,1011,1/1/2016,https://www.census.gov/programs-surveys/acs/data.html
201740,1093,1/1/2017,https://www.census.gov/programs-surveys/acs/data.html
201840,1156,1/1/2018,https://www.census.gov/programs-surveys/acs/data.html
201940,1212,1/1/2019,https://www.census.gov/programs-surveys/acs/data.html
202040,1196,1/1/2020,https://www.census.gov/programs-surveys/acs/data.html
202140,1380,1/1/2021,https://www.census.gov/programs-surveys/acs/data.html
201141,837,1/1/2011,https://www.census.gov/programs-surveys/acs/data.html
201241,881,1/1/2012,https://www.census.gov/programs-surveys/acs/data.html
201341,899,1/1/2013,https://www.census.gov/programs-surveys/acs/data.html
201441,937,1/1/2014,https://www.census.gov/programs-surveys/acs/data.html
201541,970,1/1/2015,https://www.census.gov/programs-surveys/acs/data.html
201641,1027,1/1/2016,https://www.census.gov/programs-surveys/acs/data.html
201741,1082,1/1/2017,https://www.census.gov/programs-surveys/acs/data.html
201841,1131,1/1/2018,https://www.census.gov/programs-surveys/acs/data.html
201941,1163,1/1/2019,https://www.census.gov/programs-surveys/acs/data.html
202041,1175,1/1/2020,https://www.census.gov/programs-surveys/acs/data.html
202141,1256,1/1/2021,https://www.census.gov/programs-surveys/acs/data.html
201142,1183,1/1/2011,https://www.census.gov/programs-surveys/acs/data.html
201242,1213,1/1/2012,https://www.census.gov/programs-surveys/acs/data.html
201342,1214,1/1/2013,https://www.census.gov/programs-surveys/acs/data.html
201442,1203,1/1/2014,https://www.census.gov/programs-surveys/acs/data.html
201542,1258,1/1/2015,https://www.census.gov/programs-surveys/acs/data.html
201642,1280,1/1/2016,https://www.census.gov/programs-surveys/acs/data.html
201742,1321,1/1/2017,https://www.census.gov/programs-surveys/acs/data.html
201842,1344,1/1/2018,https://www.census.gov/programs-surveys/acs/data.html
201942,1363,1/1/2019,https://www.census.gov/programs-surveys/acs/data.html
202042,1380,1/1/2020,https://www.census.gov/programs-surveys/acs/data.html
202142,1431,1/1/2021,https://www.census.gov/programs-surveys/acs/data.html
201143,1064,1/1/2011,https://www.census.gov/programs-surveys/acs/data.html
201243,1070,1/1/2012,https://www.census.gov/programs-surveys/acs/data.html
201343,1101,1/1/2013,https://www.census.gov/programs-surveys/acs/data.html
201443,1144,1/1/2014,https://www.census.gov/programs-surveys/acs/data.html
201543,1145,1/1/2015,https://www.census.gov/programs-surveys/acs/data.html
201643,1194,1/1/2016,https://www.census.gov/programs-surveys/acs/data.html
201743,1278,1/1/2017,https://www.census.gov/programs-surveys/acs/data.html
201843,1345,1/1/2018,https://www.census.gov/programs-surveys/acs/data.html
201943,1460,1/1/2019,https://www.census.gov/programs-surveys/acs/data.html
202043,1391,1/1/2020,https://www.census.gov/programs-surveys/acs/data.html
202143,1634,1/1/2021,https://www.census.gov/programs-surveys/acs/data.html
201144,906,1/1/2011,https://www.census.gov/programs-surveys/acs/data.html
201244,915,1/1/2012,https://www.census.gov/programs-surveys/acs/data.html
201344,947,1/1/2013,https://www.census.gov/programs-surveys/acs/data.html
201444,983,1/1/2014,https://www.census.gov/programs-surveys/acs/data.html
201544,1020,1/1/2015,https://www.census.gov/programs-surveys/acs/data.html
201644,1063,1/1/2016,https://www.census.gov/programs-surveys/acs/data.html
201744,1165,1/1/2017,https://www.census.gov/programs-surveys/acs/data.html
201844,1193,1/1/2018,https://www.census.gov/programs-surveys/acs/data.html
201944,1298,1/1/2019,https://www.census.gov/programs-surveys/acs/data.html
202044,1242,1/1/2020,https://www.census.gov/programs-surveys/acs/data.html
202144,1446,1/1/2021,https://www.census.gov/programs-surveys/acs/data.html
201145,1049,1/1/2011,https://www.census.gov/programs-surveys/acs/data.html
201245,1075,1/1/2012,https://www.census.gov/programs-surveys/acs/data.html
201345,1117,1/1/2013,https://www.census.gov/programs-surveys/acs/data.html
201445,1167,1/1/2014,https://www.census.gov/programs-surveys/acs/data.html
201545,1240,1/1/2015,https://www.census.gov/programs-surveys/acs/data.html
201645,1310,1/1/2016,https://www.census.gov/programs-surveys/acs/data.html
201745,1394,1/1/2017,https://www.census.gov/programs-surveys/acs/data.html
201845,1498,1/1/2018,https://www.census.gov/programs-surveys/acs/data.html
201945,1600,1/1/2019,https://www.census.gov/programs-surveys/acs/data.html
202045,1539,1/1/2020,https://www.census.gov/programs-surveys/acs/data.html
202145,1737,1/1/2021,https://www.census.gov/programs-surveys/acs/data.html
201146,783,1/1/2011,https://www.census.gov/programs-surveys/acs/data.html
201246,807,1/1/2012,https://www.census.gov/programs-surveys/acs/data.html
201346,852,1/1/2013,https://www.census.gov/programs-surveys/acs/data.html
201446,876,1/1/2014,https://www.census.gov/programs-surveys/acs/data.html
201546,912,1/1/2015,https://www.census.gov/programs-surveys/acs/data.html
201646,932,1/1/2016,https://www.census.gov/programs-surveys/acs/data.html
201746,989,1/1/2017,https://www.census.gov/programs-surveys/acs/data.html
201846,1052,1/1/2018,https://www.census.gov/programs-surveys/acs/data.html
201946,1068,1/1/2019,https://www.census.gov/programs-surveys/acs/data.html
202046,1078,1/1/2020,https://www.census.gov/programs-surveys/acs/data.html
202146,1225,1/1/2021,https://www.census.gov/programs-surveys/acs/data.html
201147,692,1/1/2011,https://www.census.gov/programs-surveys/acs/data.html
201247,712,1/1/2012,https://www.census.gov/programs-surveys/acs/data.html
201347,727,1/1/2013,https://www.census.gov/programs-surveys/acs/data.html
201447,751,1/1/2014,https://www.census.gov/programs-surveys/acs/data.html
201547,768,1/1/2015,https://www.census.gov/programs-surveys/acs/data.html
201647,768,1/1/2016,https://www.census.gov/programs-surveys/acs/data.html
201747,811,1/1/2017,https://www.census.gov/programs-surveys/acs/data.html
201847,826,1/1/2018,https://www.census.gov/programs-surveys/acs/data.html
201947,827,1/1/2019,https://www.census.gov/programs-surveys/acs/data.html
202047,839,1/1/2020,https://www.census.gov/programs-surveys/acs/data.html
202147,881,1/1/2021,https://www.census.gov/programs-surveys/acs/data.html
201148,936,1/1/2011,https://www.census.gov/programs-surveys/acs/data.html
201248,991,1/1/2012,https://www.census.gov/programs-surveys/acs/data.html
201348,959,1/1/2013,https://www.census.gov/programs-surveys/acs/data.html
201448,971,1/1/2014,https://www.census.gov/programs-surveys/acs/data.html
201548,979,1/1/2015,https://www.census.gov/programs-surveys/acs/data.html
201648,1015,1/1/2016,https://www.census.gov/programs-surveys/acs/data.html
201748,1082,1/1/2017,https://www.census.gov/programs-surveys/acs/data.html
201848,1078,1/1/2018,https://www.census.gov/programs-surveys/acs/data.html
201948,1105,1/1/2019,https://www.census.gov/programs-surveys/acs/data.html
202048,1124,1/1/2020,https://www.census.gov/programs-surveys/acs/data.html
202148,1219,1/1/2021,https://www.census.gov/programs-surveys/acs/data.html
201149,671,1/1/2011,https://www.census.gov/programs-surveys/acs/data.html
201249,661,1/1/2012,https://www.census.gov/programs-surveys/acs/data.html
201349,699,1/1/2013,https://www.census.gov/programs-surveys/acs/data.html
201449,728,1/1/2014,https://www.census.gov/programs-surveys/acs/data.html
201549,734,1/1/2015,https://www.census.gov/programs-surveys/acs/data.html
201649,762,1/1/2016,https://www.census.gov/programs-surveys/acs/data.html
201749,786,1/1/2017,https://www.census.gov/programs-surveys/acs/data.html
201849,772,1/1/2018,https://www.census.gov/programs-surveys/acs/data.html
201949,833,1/1/2019,https://www.census.gov/programs-surveys/acs/data.html
202049,821,1/1/2020,https://www.census.gov/programs-surveys/acs/data.html
202149,844,1/1/2021,https://www.census.gov/programs-surveys/acs/data.html
201150,796,1/1/2011,https://www.census.gov/programs-surveys/acs/data.html
201250,814,1/1/2012,https://www.census.gov/programs-surveys/acs/data.html
201350,814,1/1/2013,https://www.census.gov/programs-surveys/acs/data.html
201450,883,1/1/2014,https://www.census.gov/programs-surveys/acs/data.html
201550,964,1/1/2015,https://www.census.gov/programs-surveys/acs/data.html
201650,920,1/1/2016,https://www.census.gov/programs-surveys/acs/data.html
201750,990,1/1/2017,https://www.census.gov/programs-surveys/acs/data.html
201850,1099,1/1/2018,https://www.census.gov/programs-surveys/acs/data.html
201950,1124,1/1/2019,https://www.census.gov/programs-surveys/acs/data.html
202050,1089,1/1/2020,https://www.census.gov/programs-surveys/acs/data.html
202150,1211,1/1/2021,https://www.census.gov/programs-surveys/acs/data.html
201151,912,1/1/2011,https://www.census.gov/programs-surveys/acs/data.html
201251,941,1/1/2012,https://www.census.gov/programs-surveys/acs/data.html
201351,987,1/1/2013,https://www.census.gov/programs-surveys/acs/data.html
201451,1048,1/1/2014,https://www.census.gov/programs-surveys/acs/data.html
201551,1120,1/1/2015,https://www.census.gov/programs-surveys/acs/data.html
201651,1262,1/1/2016,https://www.census.gov/programs-surveys/acs/data.html
201751,1321,1/1/2017,https://www.census.gov/programs-surveys/acs/data.html
201851,1343,1/1/2018,https://www.census.gov/programs-surveys/acs/data.html
201951,1420,1/1/2019,https://www.census.gov/programs-surveys/acs/data.html
202051,1401,1/1/2020,https://www.census.gov/programs-surveys/acs/data.html
202151,1486,1/1/2021,https://www.census.gov/programs-surveys/acs/data.html
201152,929,1/1/2011,https://www.census.gov/programs-surveys/acs/data.html
201252,895,1/1/2012,https://www.census.gov/programs-surveys/acs/data.html
201352,926,1/1/2013,https://www.census.gov/programs-surveys/acs/data.html
201452,951,1/1/2014,https://www.census.gov/programs-surveys/acs/data.html
201552,974,1/1/2015,https://www.census.gov/programs-surveys/acs/data.html
201652,1067,1/1/2016,https://www.census.gov/programs-surveys/acs/data.html
201752,1082,1/1/2017,https://www.census.gov/programs-surveys/acs/data.html
201852,1132,1/1/2018,https://www.census.gov/programs-surveys/acs/data.html
201952,1202,1/1/2019,https://www.census.gov/programs-surveys/acs/data.html
202052,1178,1/1/2020,https://www.census.gov/programs-surveys/acs/data.html
202152,1327,1/1/2021,https://www.census.gov/programs-surveys/acs/data.html
201153,914,1/1/2011,https://www.census.gov/programs-surveys/acs/data.html
201253,861,1/1/2012,https://www.census.gov/programs-surveys/acs/data.html
201353,925,1/1/2013,https://www.census.gov/programs-surveys/acs/data.html
201453,907,1/1/2014,https://www.census.gov/programs-surveys/acs/data.html
201553,947,1/1/2015,https://www.census.gov/programs-surveys/acs/data.html
201653,934,1/1/2016,https://www.census.gov/programs-surveys/acs/data.html
201753,962,1/1/2017,https://www.census.gov/programs-surveys/acs/data.html
201853,993,1/1/2018,https://www.census.gov/programs-surveys/acs/data.html
201953,1010,1/1/2019,https://www.census.gov/programs-surveys/acs/data.html
202053,1025,1/1/2020,https://www.census.gov/programs-surveys/acs/data.html
202153,1082,1/1/2021,https://www.census.gov/programs-surveys/acs/data.html
201154,633,1/1/2011,https://www.census.gov/programs-surveys/acs/data.html
201254,653,1/1/2012,https://www.census.gov/programs-surveys/acs/data.html
201354,631,1/1/2013,https://www.census.gov/programs-surveys/acs/data.html
201454,640,1/1/2014,https://www.census.gov/programs-surveys/acs/data.html
201554,664,1/1/2015,https://www.census.gov/programs-surveys/acs/data.html
201654,669,1/1/2016,https://www.census.gov/programs-surveys/acs/data.html
201754,704,1/1/2017,https://www.census.gov/programs-surveys/acs/data.html
201854,706,1/1/2018,https://www.census.gov/programs-surveys/acs/data.html
201954,725,1/1/2019,https://www.census.gov/programs-surveys/acs/data.html
202054,735,1/1/2020,https://www.census.gov/programs-surveys/acs/data.html
202154,799,1/1/2021,https://www.census.gov/programs-surveys/acs/data.html
201155,1324,1/1/2011,https://www.census.gov/programs-surveys/acs/data.html
201255,1307,1/1/2012,https://www.census.gov/programs-surveys/acs/data.html
201355,1349,1/1/2013,https://www.census.gov/programs-surveys/acs/data.html
201455,1380,1/1/2014,https://www.census.gov/programs-surveys/acs/data.html
201555,1392,1/1/2015,https://www.census.gov/programs-surveys/acs/data.html
201655,1489,1/1/2016,https://www.census.gov/programs-surveys/acs/data.html
201755,1578,1/1/2017,https://www.census.gov/programs-surveys/acs/data.html
201855,1643,1/1/2018,https://www.census.gov/programs-surveys/acs/data.html
201955,1733,1/1/2019,https://www.census.gov/programs-surveys/acs/data.html
202055,1743,1/1/2020,https://www.census.gov/programs-surveys/acs/data.html
202155,1833,1/1/2021,https://www.census.gov/programs-surveys/acs/data.html
201157,1099,1/1/2011,https://www.census.gov/programs-surveys/acs/data.html
201257,1130,1/1/2012,https://www.census.gov/programs-surveys/acs/data.html
201357,1112,1/1/2013,https://www.census.gov/programs-surveys/acs/data.html
201457,1122,1/1/2014,https://www.census.gov/programs-surveys/acs/data.html
201557,1144,1/1/2015,https://www.census.gov/programs-surveys/acs/data.html
201657,1164,1/1/2016,https://www.census.gov/programs-surveys/acs/data.html
201757,1228,1/1/2017,https://www.census.gov/programs-surveys/acs/data.html
201857,1290,1/1/2018,https://www.census.gov/programs-surveys/acs/data.html
201957,1388,1/1/2019,https://www.census.gov/programs-surveys/acs/data.html
202057,1360,1/1/2020,https://www.census.gov/programs-surveys/acs/data.html
202157,1501,1/1/2021,https://www.census.gov/programs-surveys/acs/data.html
201158,905,1/1/2011,https://www.census.gov/programs-surveys/acs/data.html
201258,895,1/1/2012,https://www.census.gov/programs-surveys/acs/data.html
201358,930,1/1/2013,https://www.census.gov/programs-surveys/acs/data.html
201458,945,1/1/2014,https://www.census.gov/programs-surveys/acs/data.html
201558,943,1/1/2015,https://www.census.gov/programs-surveys/acs/data.html
201658,1024,1/1/2016,https://www.census.gov/programs-surveys/acs/data.html
201758,1059,1/1/2017,https://www.census.gov/programs-surveys/acs/data.html
201858,1132,1/1/2018,https://www.census.gov/programs-surveys/acs/data.html
201958,1184,1/1/2019,https://www.census.gov/programs-surveys/acs/data.html
202058,1183,1/1/2020,https://www.census.gov/programs-surveys/acs/data.html
202158,1342,1/1/2021,https://www.census.gov/programs-surveys/acs/data.html
201160,807,1/1/2011,https://www.census.gov/programs-surveys/acs/data.html
201260,840,1/1/2012,https://www.census.gov/programs-surveys/acs/data.html
201360,858,1/1/2013,https://www.census.gov/programs-surveys/acs/data.html
201460,900,1/1/2014,https://www.census.gov/programs-surveys/acs/data.html
201560,931,1/1/2015,https://www.census.gov/programs-surveys/acs/data.html
201660,968,1/1/2016,https://www.census.gov/programs-surveys/acs/data.html
201760,970,1/1/2017,https://www.census.gov/programs-surveys/acs/data.html
201860,1016,1/1/2018,https://www.census.gov/programs-surveys/acs/data.html
201960,1037,1/1/2019,https://www.census.gov/programs-surveys/acs/data.html
202060,1055,1/1/2020,https://www.census.gov/programs-surveys/acs/data.html
202160,1111,1/1/2021,https://www.census.gov/programs-surveys/acs/data.html
201161,1046,1/1/2011,https://www.census.gov/programs-surveys/acs/data.html
201261,1078,1/1/2012,https://www.census.gov/programs-surveys/acs/data.html
201361,1145,1/1/2013,https://www.census.gov/programs-surveys/acs/data.html
201461,1217,1/1/2014,https://www.census.gov/programs-surveys/acs/data.html
201561,1174,1/1/2015,https://www.census.gov/programs-surveys/acs/data.html
201661,1281,1/1/2016,https://www.census.gov/programs-surveys/acs/data.html
201761,1352,1/1/2017,https://www.census.gov/programs-surveys/acs/data.html
201861,1404,1/1/2018,https://www.census.gov/programs-surveys/acs/data.html
201961,1504,1/1/2019,https://www.census.gov/programs-surveys/acs/data.html
202061,1466,1/1/2020,https://www.census.gov/programs-surveys/acs/data.html
202161,1586,1/1/2021,https://www.census.gov/programs-surveys/acs/data.html
201162,1198,1/1/2011,https://www.census.gov/programs-surveys/acs/data.html
201262,1267,1/1/2012,https://www.census.gov/programs-surveys/acs/data.html
201362,1296,1/1/2013,https://www.census.gov/programs-surveys/acs/data.html
201462,1351,1/1/2014,https://www.census.gov/programs-surveys/acs/data.html
201562,1359,1/1/2015,https://www.census.gov/programs-surveys/acs/data.html
201662,1438,1/1/2016,https://www.census.gov/programs-surveys/acs/data.html
201762,1496,1/1/2017,https://www.census.gov/programs-surveys/acs/data.html
201862,1550,1/1/2018,https://www.census.gov/programs-surveys/acs/data.html
201962,1632,1/1/2019,https://www.census.gov/programs-surveys/acs/data.html
202062,1626,1/1/2020,https://www.census.gov/programs-surveys/acs/data.html
202162,1760,1/1/2021,https://www.census.gov/programs-surveys/acs/data.html
201163,939,1/1/2011,https://www.census.gov/programs-surveys/acs/data.html
201263,954,1/1/2012,https://www.census.gov/programs-surveys/acs/data.html
201363,992,1/1/2013,https://www.census.gov/programs-surveys/acs/data.html
201463,984,1/1/2014,https://www.census.gov/programs-surveys/acs/data.html
201563,1027,1/1/2015,https://www.census.gov/programs-surveys/acs/data.html
201663,1114,1/1/2016,https://www.census.gov/programs-surveys/acs/data.html
201763,1152,1/1/2017,https://www.census.gov/programs-surveys/acs/data.html
201863,1187,1/1/2018,https://www.census.gov/programs-surveys/acs/data.html
201963,1307,1/1/2019,https://www.census.gov/programs-surveys/acs/data.html
202063,1253,1/1/2020,https://www.census.gov/programs-surveys/acs/data.html
202163,1415,1/1/2021,https://www.census.gov/programs-surveys/acs/data.html
201164,1729,1/1/2011,https://www.census.gov/programs-surveys/acs/data.html
201264,1849,1/1/2012,https://www.census.gov/programs-surveys/acs/data.html
201364,1868,1/1/2013,https://www.census.gov/programs-surveys/acs/data.html
201464,1879,1/1/2014,https://www.census.gov/programs-surveys/acs/data.html
201564,2070,1/1/2015,https://www.census.gov/programs-surveys/acs/data.html
201664,2243,1/1/2016,https://www.census.gov/programs-surveys/acs/data.html
201764,2262,1/1/2017,https://www.census.gov/programs-surveys/acs/data.html
201864,2399,1/1/2018,https://www.census.gov/programs-surveys/acs/data.html
201964,2480,1/1/2019,https://www.census.gov/programs-surveys/acs/data.html
202064,2425,1/1/2020,https://www.census.gov/programs-surveys/acs/data.html
202164,2467,1/1/2021,https://www.census.gov/programs-surveys/acs/data.html
201165,614,1/1/2011,https://www.census.gov/programs-surveys/acs/data.html
201265,621,1/1/2012,https://www.census.gov/programs-surveys/acs/data.html
201365,636,1/1/2013,https://www.census.gov/programs-surveys/acs/data.html
201465,648,1/1/2014,https://www.census.gov/programs-surveys/acs/data.html
201565,658,1/1/2015,https://www.census.gov/programs-surveys/acs/data.html
201665,684,1/1/2016,https://www.census.gov/programs-surveys/acs/data.html
201765,697,1/1/2017,https://www.census.gov/programs-surveys/acs/data.html
201865,745,1/1/2018,https://www.census.gov/programs-surveys/acs/data.html
201965,775,1/1/2019,https://www.census.gov/programs-surveys/acs/data.html
202065,760,1/1/2020,https://www.census.gov/programs-surveys/acs/data.html
202165,841,1/1/2021,https://www.census.gov/programs-surveys/acs/data.html
201166,963,1/1/2011,https://www.census.gov/programs-surveys/acs/data.html
201266,927,1/1/2012,https://www.census.gov/programs-surveys/acs/data.html
201366,934,1/1/2013,https://www.census.gov/programs-surveys/acs/data.html
201466,981,1/1/2014,https://www.census.gov/programs-surveys/acs/data.html
201566,978,1/1/2015,https://www.census.gov/programs-surveys/acs/data.html
201666,1013,1/1/2016,https://www.census.gov/programs-surveys/acs/data.html
201766,1063,1/1/2017,https://www.census.gov/programs-surveys/acs/data.html
201866,1093,1/1/2018,https://www.census.gov/programs-surveys/acs/data.html
201966,1129,1/1/2019,https://www.census.gov/programs-surveys/acs/data.html
202066,1116,1/1/2020,https://www.census.gov/programs-surveys/acs/data.html
202166,1215,1/1/2021,https://www.census.gov/programs-surveys/acs/data.html
201167,791,1/1/2011,https://www.census.gov/programs-surveys/acs/data.html
201267,803,1/1/2012,https://www.census.gov/programs-surveys/acs/data.html
201367,825,1/1/2013,https://www.census.gov/programs-surveys/acs/data.html
201467,831,1/1/2014,https://www.census.gov/programs-surveys/acs/data.html
201567,874,1/1/2015,https://www.census.gov/programs-surveys/acs/data.html
201667,902,1/1/2016,https://www.census.gov/programs-surveys/acs/data.html
201767,948,1/1/2017,https://www.census.gov/programs-surveys/acs/data.html
201867,947,1/1/2018,https://www.census.gov/programs-surveys/acs/data.html
201967,1001,1/1/2019,https://www.census.gov/programs-surveys/acs/data.html
202067,1013,1/1/2020,https://www.census.gov/programs-surveys/acs/data.html
202167,1115,1/1/2021,https://www.census.gov/programs-surveys/acs/data.html
201168,717,1/1/2011,https://www.census.gov/programs-surveys/acs/data.html
201268,755,1/1/2012,https://www.census.gov/programs-surveys/acs/data.html
201368,802,1/1/2013,https://www.census.gov/programs-surveys/acs/data.html
201468,830,1/1/2014,https://www.census.gov/programs-surveys/acs/data.html
201568,858,1/1/2015,https://www.census.gov/programs-surveys/acs/data.html
201668,874,1/1/2016,https://www.census.gov/programs-surveys/acs/data.html
201768,925,1/1/2017,https://www.census.gov/programs-surveys/acs/data.html
201868,917,1/1/2018,https://www.census.gov/programs-surveys/acs/data.html
201968,1014,1/1/2019,https://www.census.gov/programs-surveys/acs/data.html
202068,984,1/1/2020,https://www.census.gov/programs-surveys/acs/data.html
202168,1074,1/1/2021,https://www.census.gov/programs-surveys/acs/data.html
201169,706,1/1/2011,https://www.census.gov/programs-surveys/acs/data.html
201269,729,1/1/2012,https://www.census.gov/programs-surveys/acs/data.html
201369,741,1/1/2013,https://www.census.gov/programs-surveys/acs/data.html
201469,778,1/1/2014,https://www.census.gov/programs-surveys/acs/data.html
201569,801,1/1/2015,https://www.census.gov/programs-surveys/acs/data.html
201669,803,1/1/2016,https://www.census.gov/programs-surveys/acs/data.html
201769,826,1/1/2017,https://www.census.gov/programs-surveys/acs/data.html
201869,872,1/1/2018,https://www.census.gov/programs-surveys/acs/data.html
201969,921,1/1/2019,https://www.census.gov/programs-surveys/acs/data.html
202069,893,1/1/2020,https://www.census.gov/programs-surveys/acs/data.html
202169,1003,1/1/2021,https://www.census.gov/programs-surveys/acs/data.html
201170,715,1/1/2011,https://www.census.gov/programs-surveys/acs/data.html
201270,703,1/1/2012,https://www.census.gov/programs-surveys/acs/data.html
201370,720,1/1/2013,https://www.census.gov/programs-surveys/acs/data.html
201470,761,1/1/2014,https://www.census.gov/programs-surveys/acs/data.html
201570,767,1/1/2015,https://www.census.gov/programs-surveys/acs/data.html
201670,781,1/1/2016,https://www.census.gov/programs-surveys/acs/data.html
201770,779,1/1/2017,https://www.census.gov/programs-surveys/acs/data.html
201870,830,1/1/2018,https://www.census.gov/programs-surveys/acs/data.html
201970,828,1/1/2019,https://www.census.gov/programs-surveys/acs/data.html
202070,840,1/1/2020,https://www.census.gov/programs-surveys/acs/data.html
202170,843,1/1/2021,https://www.census.gov/programs-surveys/acs/data.html
201171,679,1/1/2011,https://www.census.gov/programs-surveys/acs/data.html
201271,683,1/1/2012,https://www.census.gov/programs-surveys/acs/data.html
201371,722,1/1/2013,https://www.census.gov/programs-surveys/acs/data.html
201471,754,1/1/2014,https://www.census.gov/programs-surveys/acs/data.html
201571,770,1/1/2015,https://www.census.gov/programs-surveys/acs/data.html
201671,773,1/1/2016,https://www.census.gov/programs-surveys/acs/data.html
201771,818,1/1/2017,https://www.census.gov/programs-surveys/acs/data.html
201871,843,1/1/2018,https://www.census.gov/programs-surveys/acs/data.html
201971,857,1/1/2019,https://www.census.gov/programs-surveys/acs/data.html
202071,871,1/1/2020,https://www.census.gov/programs-surveys/acs/data.html
202171,904,1/1/2021,https://www.census.gov/programs-surveys/acs/data.html
201172,1014,1/1/2011,https://www.census.gov/programs-surveys/acs/data.html
201272,1118,1/1/2012,https://www.census.gov/programs-surveys/acs/data.html
201372,1120,1/1/2013,https://www.census.gov/programs-surveys/acs/data.html
201472,1152,1/1/2014,https://www.census.gov/programs-surveys/acs/data.html
201572,1223,1/1/2015,https://www.census.gov/programs-surveys/acs/data.html
201672,1294,1/1/2016,https://www.census.gov/programs-surveys/acs/data.html
201772,1371,1/1/2017,https://www.census.gov/programs-surveys/acs/data.html
201872,1435,1/1/2018,https://www.census.gov/programs-surveys/acs/data.html
201972,1453,1/1/2019,https://www.census.gov/programs-surveys/acs/data.html
202072,1447,1/1/2020,https://www.census.gov/programs-surveys/acs/data.html
202172,1592,1/1/2021,https://www.census.gov/programs-surveys/acs/data.html
201173,1072,1/1/2011,https://www.census.gov/programs-surveys/acs/data.html
201273,1184,1/1/2012,https://www.census.gov/programs-surveys/acs/data.html
201373,1167,1/1/2013,https://www.census.gov/programs-surveys/acs/data.html
201473,1251,1/1/2014,https://www.census.gov/programs-surveys/acs/data.html
201573,1241,1/1/2015,https://www.census.gov/programs-surveys/acs/data.html
201673,1296,1/1/2016,https://www.census.gov/programs-surveys/acs/data.html
201773,1291,1/1/2017,https://www.census.gov/programs-surveys/acs/data.html
201873,1238,1/1/2018,https://www.census.gov/programs-surveys/acs/data.html
201973,1230,1/1/2019,https://www.census.gov/programs-surveys/acs/data.html
202073,1310,1/1/2020,https://www.census.gov/programs-surveys/acs/data.html
202173,1335,1/1/2021,https://www.census.gov/programs-surveys/acs/data.html
201174,787,1/1/2011,https://www.census.gov/programs-surveys/acs/data.html
201274,831,1/1/2012,https://www.census.gov/programs-surveys/acs/data.html
201374,877,1/1/2013,https://www.census.gov/programs-surveys/acs/data.html
201474,902,1/1/2014,https://www.census.gov/programs-surveys/acs/data.html
201574,929,1/1/2015,https://www.census.gov/programs-surveys/acs/data.html
201674,949,1/1/2016,https://www.census.gov/programs-surveys/acs/data.html
201774,1014,1/1/2017,https://www.census.gov/programs-surveys/acs/data.html
201874,1045,1/1/2018,https://www.census.gov/programs-surveys/acs/data.html
201974,1127,1/1/2019,https://www.census.gov/programs-surveys/acs/data.html
202074,1098,1/1/2020,https://www.census.gov/programs-surveys/acs/data.html
202174,1182,1/1/2021,https://www.census.gov/programs-surveys/acs/data.html
201175,1126,1/1/2011,https://www.census.gov/programs-surveys/acs/data.html
201275,1172,1/1/2012,https://www.census.gov/programs-surveys/acs/data.html
201375,1166,1/1/2013,https://www.census.gov/programs-surveys/acs/data.html
201475,1189,1/1/2014,https://www.census.gov/programs-surveys/acs/data.html
201575,1241,1/1/2015,https://www.census.gov/programs-surveys/acs/data.html
201675,1284,1/1/2016,https://www.census.gov/programs-surveys/acs/data.html
201775,1338,1/1/2017,https://www.census.gov/programs-surveys/acs/data.html
201875,1470,1/1/2018,https://www.census.gov/programs-surveys/acs/data.html
201975,1541,1/1/2019,https://www.census.gov/programs-surveys/acs/data.html
202075,1485,1/1/2020,https://www.census.gov/programs-surveys/acs/data.html
202175,1739,1/1/2021,https://www.census.gov/programs-surveys/acs/data.html
