Identifier,Observation_Date,Owner_occupied_housing_units_with_a_mortgage,Median_Taxes,Median_Monthly_Housing_Cost,Data_Source_Link
201101,1/1/2011,"596,803","3,382","2,507",https://www.census.gov/programs-surveys/acs/data.html
201201,1/1/2012,"614,420","3,519","2,456",https://www.census.gov/programs-surveys/acs/data.html
201301,1/1/2013,"600,505","3,666","2,435",https://www.census.gov/programs-surveys/acs/data.html
201401,1/1/2014,"595,308","3,925","2,486",https://www.census.gov/programs-surveys/acs/data.html
201501,1/1/2015,"592,919","4,126","2,501",https://www.census.gov/programs-surveys/acs/data.html
201601,1/1/2016,"593,859","4,395","2,553",https://www.census.gov/programs-surveys/acs/data.html
201701,1/1/2017,"607,673","4,675","2,579",https://www.census.gov/programs-surveys/acs/data.html
201801,1/1/2018,"588,018","4,935","2,710",https://www.census.gov/programs-surveys/acs/data.html
201901,1/1/2019,"584,893","5,495","2,798",https://www.census.gov/programs-surveys/acs/data.html
202001,1/1/2020,"605,719","5,097","2,791",https://www.census.gov/programs-surveys/acs/data.html
202101,1/1/2021,"601,226","5,798","2,848",https://www.census.gov/programs-surveys/acs/data.html
201102,1/1/2011,"373,827","3,777","2,459",https://www.census.gov/programs-surveys/acs/data.html
201202,1/1/2012,"374,394","3,822","2,396",https://www.census.gov/programs-surveys/acs/data.html
201302,1/1/2013,"355,751","3,985","2,361",https://www.census.gov/programs-surveys/acs/data.html
201402,1/1/2014,"368,221","4,045","2,381",https://www.census.gov/programs-surveys/acs/data.html
201502,1/1/2015,"361,644","4,309","2,444",https://www.census.gov/programs-surveys/acs/data.html
201602,1/1/2016,"366,321","4,477","2,506",https://www.census.gov/programs-surveys/acs/data.html
201702,1/1/2017,"365,682","4,670","2,628",https://www.census.gov/programs-surveys/acs/data.html
201802,1/1/2018,"360,471","5,069","2,702",https://www.census.gov/programs-surveys/acs/data.html
201902,1/1/2019,"365,646","5,398","2,820",https://www.census.gov/programs-surveys/acs/data.html
202002,1/1/2020,"372,003","5,119","2,819",https://www.census.gov/programs-surveys/acs/data.html
202102,1/1/2021,"369,242","6,044","2,972",https://www.census.gov/programs-surveys/acs/data.html
201103,1/1/2011,"323,960","3,386","1,856",https://www.census.gov/programs-surveys/acs/data.html
201203,1/1/2012,"329,792","3,663","1,824",https://www.census.gov/programs-surveys/acs/data.html
201303,1/1/2013,"308,692","3,645","1,756",https://www.census.gov/programs-surveys/acs/data.html
201403,1/1/2014,"307,355","3,624","1,799",https://www.census.gov/programs-surveys/acs/data.html
201503,1/1/2015,"313,199","3,818","1,817",https://www.census.gov/programs-surveys/acs/data.html
201603,1/1/2016,"313,924","3,833","1,812",https://www.census.gov/programs-surveys/acs/data.html
201703,1/1/2017,"307,758","4,105","1,843",https://www.census.gov/programs-surveys/acs/data.html
201803,1/1/2018,"321,809","4,565","1,972",https://www.census.gov/programs-surveys/acs/data.html
201903,1/1/2019,"312,245","4,635","2,007",https://www.census.gov/programs-surveys/acs/data.html
202003,1/1/2020,"323,199","4,495","2,000",https://www.census.gov/programs-surveys/acs/data.html
202103,1/1/2021,"339,523","4,913","2,029",https://www.census.gov/programs-surveys/acs/data.html
201104,1/1/2011,"206,661","2,984","1,433",https://www.census.gov/programs-surveys/acs/data.html
201204,1/1/2012,"201,991","2,952","1,437",https://www.census.gov/programs-surveys/acs/data.html
201304,1/1/2013,"197,042","3,144","1,426",https://www.census.gov/programs-surveys/acs/data.html
201404,1/1/2014,"194,641","3,158","1,459",https://www.census.gov/programs-surveys/acs/data.html
201504,1/1/2015,"194,283","3,464","1,482",https://www.census.gov/programs-surveys/acs/data.html
201604,1/1/2016,"205,387","3,567","1,509",https://www.census.gov/programs-surveys/acs/data.html
201704,1/1/2017,"192,028","3,744","1,558",https://www.census.gov/programs-surveys/acs/data.html
201804,1/1/2018,"192,117","3,956","1,653",https://www.census.gov/programs-surveys/acs/data.html
201904,1/1/2019,"181,112","4,516","1,742",https://www.census.gov/programs-surveys/acs/data.html
202004,1/1/2020,"199,942","3,998","1,691",https://www.census.gov/programs-surveys/acs/data.html
202104,1/1/2021,"207,809","5,066","1,870",https://www.census.gov/programs-surveys/acs/data.html
201105,1/1/2011,"224,764","1,387","1,356",https://www.census.gov/programs-surveys/acs/data.html
201205,1/1/2012,"208,121","1,340","1,334",https://www.census.gov/programs-surveys/acs/data.html
201305,1/1/2013,"197,363","1,319","1,270",https://www.census.gov/programs-surveys/acs/data.html
201405,1/1/2014,"193,741","1,343","1,263",https://www.census.gov/programs-surveys/acs/data.html
201505,1/1/2015,"194,677","1,376","1,363",https://www.census.gov/programs-surveys/acs/data.html
201605,1/1/2016,"210,648","1,447","1,364",https://www.census.gov/programs-surveys/acs/data.html
201705,1/1/2017,"224,219","1,414","1,378",https://www.census.gov/programs-surveys/acs/data.html
201805,1/1/2018,"218,285","1,551","1,450",https://www.census.gov/programs-surveys/acs/data.html
201905,1/1/2019,"219,783","1,623","1,465",https://www.census.gov/programs-surveys/acs/data.html
202005,1/1/2020,"227,169","1,556","1,490",https://www.census.gov/programs-surveys/acs/data.html
202105,1/1/2021,"246,434","1,692","1,583",https://www.census.gov/programs-surveys/acs/data.html
201106,1/1/2011,"186,560","1,377","1,216",https://www.census.gov/programs-surveys/acs/data.html
201206,1/1/2012,"178,673","1,407","1,207",https://www.census.gov/programs-surveys/acs/data.html
201306,1/1/2013,"179,405","1,476","1,188",https://www.census.gov/programs-surveys/acs/data.html
201406,1/1/2014,"181,506","1,606","1,217",https://www.census.gov/programs-surveys/acs/data.html
201506,1/1/2015,"183,610","1,591","1,260",https://www.census.gov/programs-surveys/acs/data.html
201606,1/1/2016,"179,235","1,694","1,236",https://www.census.gov/programs-surveys/acs/data.html
201706,1/1/2017,"178,805","1,745","1,274",https://www.census.gov/programs-surveys/acs/data.html
201806,1/1/2018,"191,147","1,763","1,243",https://www.census.gov/programs-surveys/acs/data.html
201906,1/1/2019,"191,038","1,885","1,340",https://www.census.gov/programs-surveys/acs/data.html
202006,1/1/2020,"194,603","1,811","1,343",https://www.census.gov/programs-surveys/acs/data.html
202106,1/1/2021,"202,880","2,008","1,396",https://www.census.gov/programs-surveys/acs/data.html
201107,1/1/2011,"168,152","2,852","1,222",https://www.census.gov/programs-surveys/acs/data.html
201207,1/1/2012,"169,279","2,908","1,224",https://www.census.gov/programs-surveys/acs/data.html
201307,1/1/2013,"164,399","2,880","1,211",https://www.census.gov/programs-surveys/acs/data.html
201407,1/1/2014,"163,467","3,027","1,254",https://www.census.gov/programs-surveys/acs/data.html
201507,1/1/2015,"149,547","3,025","1,264",https://www.census.gov/programs-surveys/acs/data.html
201607,1/1/2016,"160,430","3,261","1,273",https://www.census.gov/programs-surveys/acs/data.html
201707,1/1/2017,"164,025","3,432","1,327",https://www.census.gov/programs-surveys/acs/data.html
201807,1/1/2018,"152,359","3,731","1,369",https://www.census.gov/programs-surveys/acs/data.html
201907,1/1/2019,"157,945","3,989","1,469",https://www.census.gov/programs-surveys/acs/data.html
202007,1/1/2020,"157,058","3,768","1,435",https://www.census.gov/programs-surveys/acs/data.html
202107,1/1/2021,"160,674","4,486","1,524",https://www.census.gov/programs-surveys/acs/data.html
201108,1/1/2011,"167,951","3,205","2,294",https://www.census.gov/programs-surveys/acs/data.html
201208,1/1/2012,"166,868","3,485","2,318",https://www.census.gov/programs-surveys/acs/data.html
201308,1/1/2013,"165,316","3,474","2,197",https://www.census.gov/programs-surveys/acs/data.html
201408,1/1/2014,"167,889","3,761","2,245",https://www.census.gov/programs-surveys/acs/data.html
201508,1/1/2015,"163,226","3,975","2,295",https://www.census.gov/programs-surveys/acs/data.html
201608,1/1/2016,"164,102","4,179","2,339",https://www.census.gov/programs-surveys/acs/data.html
201708,1/1/2017,"174,733","4,544","2,478",https://www.census.gov/programs-surveys/acs/data.html
201808,1/1/2018,"170,730","4,946","2,650",https://www.census.gov/programs-surveys/acs/data.html
201908,1/1/2019,"168,572","5,059","2,696",https://www.census.gov/programs-surveys/acs/data.html
202008,1/1/2020,"173,233","4,882","2,659",https://www.census.gov/programs-surveys/acs/data.html
202108,1/1/2021,"177,643","5,987","2,777",https://www.census.gov/programs-surveys/acs/data.html
201109,1/1/2011,"125,553","3,141","1,433",https://www.census.gov/programs-surveys/acs/data.html
201209,1/1/2012,"120,975","3,137","1,435",https://www.census.gov/programs-surveys/acs/data.html
201309,1/1/2013,"122,512","3,245","1,441",https://www.census.gov/programs-surveys/acs/data.html
201409,1/1/2014,"120,389","3,468","1,449",https://www.census.gov/programs-surveys/acs/data.html
201509,1/1/2015,"122,879","3,509","1,477",https://www.census.gov/programs-surveys/acs/data.html
201609,1/1/2016,"119,622","3,551","1,490",https://www.census.gov/programs-surveys/acs/data.html
201709,1/1/2017,"118,904","4,183","1,592",https://www.census.gov/programs-surveys/acs/data.html
201809,1/1/2018,"116,410","4,262","1,691",https://www.census.gov/programs-surveys/acs/data.html
201909,1/1/2019,"115,904","4,836","1,800",https://www.census.gov/programs-surveys/acs/data.html
202009,1/1/2020,"121,924","4,557","1,743",https://www.census.gov/programs-surveys/acs/data.html
202109,1/1/2021,"124,846","5,874","1,902",https://www.census.gov/programs-surveys/acs/data.html
201110,1/1/2011,"133,566","5,200","2,754",https://www.census.gov/programs-surveys/acs/data.html
201210,1/1/2012,"132,150","5,435","2,694",https://www.census.gov/programs-surveys/acs/data.html
201310,1/1/2013,"129,518","5,628","2,660",https://www.census.gov/programs-surveys/acs/data.html
201410,1/1/2014,"134,937","5,834","2,639",https://www.census.gov/programs-surveys/acs/data.html
201510,1/1/2015,"133,596","6,324","2,704",https://www.census.gov/programs-surveys/acs/data.html
201610,1/1/2016,"132,873","6,974","2,906",https://www.census.gov/programs-surveys/acs/data.html
201710,1/1/2017,"133,029","7,510","3,069",https://www.census.gov/programs-surveys/acs/data.html
201810,1/1/2018,"128,513","8,046","3,171",https://www.census.gov/programs-surveys/acs/data.html
201910,1/1/2019,"123,109","8,729","3,350",https://www.census.gov/programs-surveys/acs/data.html
202010,1/1/2020,"130,658","8,257","3,323",https://www.census.gov/programs-surveys/acs/data.html
202110,1/1/2021,"124,224","9,868","3,490",https://www.census.gov/programs-surveys/acs/data.html
201111,1/1/2011,"100,354","4,361","1,682",https://www.census.gov/programs-surveys/acs/data.html
201211,1/1/2012,"106,807","4,563","1,665",https://www.census.gov/programs-surveys/acs/data.html
201311,1/1/2013,"110,720","4,707","1,698",https://www.census.gov/programs-surveys/acs/data.html
201411,1/1/2014,"110,642","5,074","1,740",https://www.census.gov/programs-surveys/acs/data.html
201511,1/1/2015,"111,627","5,196","1,783",https://www.census.gov/programs-surveys/acs/data.html
201611,1/1/2016,"116,607","5,648","1,857",https://www.census.gov/programs-surveys/acs/data.html
201711,1/1/2017,"117,308","5,900","1,919",https://www.census.gov/programs-surveys/acs/data.html
201811,1/1/2018,"116,404","6,554","2,095",https://www.census.gov/programs-surveys/acs/data.html
201911,1/1/2019,"121,220","6,824","2,189",https://www.census.gov/programs-surveys/acs/data.html
202011,1/1/2020,"120,150","6,529","2,117",https://www.census.gov/programs-surveys/acs/data.html
202111,1/1/2021,"132,628","7,313","2,269",https://www.census.gov/programs-surveys/acs/data.html
201112,1/1/2011,"139,168","1,704","1,393",https://www.census.gov/programs-surveys/acs/data.html
201212,1/1/2012,"127,663","1,510","1,314",https://www.census.gov/programs-surveys/acs/data.html
201312,1/1/2013,"131,838","1,458","1,282",https://www.census.gov/programs-surveys/acs/data.html
201412,1/1/2014,"119,816","1,445","1,279",https://www.census.gov/programs-surveys/acs/data.html
201512,1/1/2015,"125,194","1,525","1,256",https://www.census.gov/programs-surveys/acs/data.html
201612,1/1/2016,"123,354","1,590","1,276",https://www.census.gov/programs-surveys/acs/data.html
201712,1/1/2017,"125,727","1,749","1,295",https://www.census.gov/programs-surveys/acs/data.html
201812,1/1/2018,"125,431","1,697","1,322",https://www.census.gov/programs-surveys/acs/data.html
201912,1/1/2019,"134,362","1,902","1,395",https://www.census.gov/programs-surveys/acs/data.html
202012,1/1/2020,"129,679","1,834","1,396",https://www.census.gov/programs-surveys/acs/data.html
202112,1/1/2021,"150,468","1,976","1,407",https://www.census.gov/programs-surveys/acs/data.html
201113,1/1/2011,"105,805","3,264","1,385",https://www.census.gov/programs-surveys/acs/data.html
201213,1/1/2012,"103,762","3,157","1,322",https://www.census.gov/programs-surveys/acs/data.html
201313,1/1/2013,"100,053","3,378","1,359",https://www.census.gov/programs-surveys/acs/data.html
201413,1/1/2014,"104,011","3,434","1,390",https://www.census.gov/programs-surveys/acs/data.html
201513,1/1/2015,"105,508","3,552","1,398",https://www.census.gov/programs-surveys/acs/data.html
201613,1/1/2016,"108,185","3,723","1,438",https://www.census.gov/programs-surveys/acs/data.html
201713,1/1/2017,"111,845","3,849","1,514",https://www.census.gov/programs-surveys/acs/data.html
201813,1/1/2018,"110,076","4,305","1,577",https://www.census.gov/programs-surveys/acs/data.html
201913,1/1/2019,"116,019","4,953","1,688",https://www.census.gov/programs-surveys/acs/data.html
202013,1/1/2020,"114,878","4,464","1,656",https://www.census.gov/programs-surveys/acs/data.html
202113,1/1/2021,"121,099","5,254","1,833",https://www.census.gov/programs-surveys/acs/data.html
201114,1/1/2011,"113,732","2,498","1,293",https://www.census.gov/programs-surveys/acs/data.html
201214,1/1/2012,"116,657","2,579","1,247",https://www.census.gov/programs-surveys/acs/data.html
201314,1/1/2013,"112,132","2,520","1,242",https://www.census.gov/programs-surveys/acs/data.html
201414,1/1/2014,"109,987","2,639","1,257",https://www.census.gov/programs-surveys/acs/data.html
201514,1/1/2015,"112,773","2,737","1,276",https://www.census.gov/programs-surveys/acs/data.html
201614,1/1/2016,"113,128","2,753","1,253",https://www.census.gov/programs-surveys/acs/data.html
201714,1/1/2017,"117,507","2,879","1,255",https://www.census.gov/programs-surveys/acs/data.html
201814,1/1/2018,"117,572","2,880","1,306",https://www.census.gov/programs-surveys/acs/data.html
201914,1/1/2019,"120,230","2,876","1,329",https://www.census.gov/programs-surveys/acs/data.html
202014,1/1/2020,"117,669","2,885","1,345",https://www.census.gov/programs-surveys/acs/data.html
202114,1/1/2021,"125,487","3,145","1,360",https://www.census.gov/programs-surveys/acs/data.html
201115,1/1/2011,"131,387","1,291","1,085",https://www.census.gov/programs-surveys/acs/data.html
201215,1/1/2012,"128,407","1,263","1,094",https://www.census.gov/programs-surveys/acs/data.html
201315,1/1/2013,"126,315","1,249","1,066",https://www.census.gov/programs-surveys/acs/data.html
201415,1/1/2014,"124,743","1,287","1,083",https://www.census.gov/programs-surveys/acs/data.html
201515,1/1/2015,"119,111","1,326","1,101",https://www.census.gov/programs-surveys/acs/data.html
201615,1/1/2016,"125,468","1,397","1,098",https://www.census.gov/programs-surveys/acs/data.html
201715,1/1/2017,"121,637","1,437","1,129",https://www.census.gov/programs-surveys/acs/data.html
201815,1/1/2018,"121,996","1,455","1,146",https://www.census.gov/programs-surveys/acs/data.html
201915,1/1/2019,"123,667","1,550","1,158",https://www.census.gov/programs-surveys/acs/data.html
202015,1/1/2020,"127,521","1,539","1,182",https://www.census.gov/programs-surveys/acs/data.html
202115,1/1/2021,"138,622","1,803","1,249",https://www.census.gov/programs-surveys/acs/data.html
201116,1/1/2011,"134,926","1,950","1,383",https://www.census.gov/programs-surveys/acs/data.html
201216,1/1/2012,"130,969","2,092","1,381",https://www.census.gov/programs-surveys/acs/data.html
201316,1/1/2013,"123,981","2,008","1,317",https://www.census.gov/programs-surveys/acs/data.html
201416,1/1/2014,"130,012","2,118","1,328",https://www.census.gov/programs-surveys/acs/data.html
201516,1/1/2015,"131,258","2,131","1,364",https://www.census.gov/programs-surveys/acs/data.html
201616,1/1/2016,"130,240","2,221","1,348",https://www.census.gov/programs-surveys/acs/data.html
201716,1/1/2017,"138,599","2,300","1,360",https://www.census.gov/programs-surveys/acs/data.html
201816,1/1/2018,"134,644","2,166","1,418",https://www.census.gov/programs-surveys/acs/data.html
201916,1/1/2019,"138,851","2,413","1,455",https://www.census.gov/programs-surveys/acs/data.html
202016,1/1/2020,"136,567","2,348","1,456",https://www.census.gov/programs-surveys/acs/data.html
202116,1/1/2021,"142,912","2,584","1,568",https://www.census.gov/programs-surveys/acs/data.html
201117,1/1/2011,"87,602","5,893","3,043",https://www.census.gov/programs-surveys/acs/data.html
201217,1/1/2012,"88,407","6,130","3,035",https://www.census.gov/programs-surveys/acs/data.html
201317,1/1/2013,"86,276","6,430","3,128",https://www.census.gov/programs-surveys/acs/data.html
201417,1/1/2014,"89,249","6,865","3,086",https://www.census.gov/programs-surveys/acs/data.html
201517,1/1/2015,"86,454","7,096","3,188",https://www.census.gov/programs-surveys/acs/data.html
201617,1/1/2016,"90,335","7,615","3,340",https://www.census.gov/programs-surveys/acs/data.html
201717,1/1/2017,"87,803","8,188","3,454",https://www.census.gov/programs-surveys/acs/data.html
201817,1/1/2018,"86,873","9,443","3,751",https://www.census.gov/programs-surveys/acs/data.html
201917,1/1/2019,"88,260","9,373","3,809",https://www.census.gov/programs-surveys/acs/data.html
202017,1/1/2020,"89,811","9,134","3,822",https://www.census.gov/programs-surveys/acs/data.html
202117,1/1/2021,"91,236","10,000","3,964",https://www.census.gov/programs-surveys/acs/data.html
201118,1/1/2011,"98,114","3,659","2,244",https://www.census.gov/programs-surveys/acs/data.html
201218,1/1/2012,"98,821","3,777","2,218",https://www.census.gov/programs-surveys/acs/data.html
201318,1/1/2013,"101,462","3,742","2,189",https://www.census.gov/programs-surveys/acs/data.html
201418,1/1/2014,"99,776","3,897","2,278",https://www.census.gov/programs-surveys/acs/data.html
201518,1/1/2015,"106,587","4,149","2,312",https://www.census.gov/programs-surveys/acs/data.html
201618,1/1/2016,"105,288","4,427","2,396",https://www.census.gov/programs-surveys/acs/data.html
201718,1/1/2017,"113,205","4,904","2,514",https://www.census.gov/programs-surveys/acs/data.html
201818,1/1/2018,"107,033","5,631","2,706",https://www.census.gov/programs-surveys/acs/data.html
201918,1/1/2019,"110,325","6,119","2,977",https://www.census.gov/programs-surveys/acs/data.html
202018,1/1/2020,"111,832","5,536","2,778",https://www.census.gov/programs-surveys/acs/data.html
202118,1/1/2021,"115,481","6,413","2,992",https://www.census.gov/programs-surveys/acs/data.html
201119,1/1/2011,"101,224","1,375","1,504",https://www.census.gov/programs-surveys/acs/data.html
201219,1/1/2012,"99,762","1,408","1,498",https://www.census.gov/programs-surveys/acs/data.html
201319,1/1/2013,"103,487","1,512","1,525",https://www.census.gov/programs-surveys/acs/data.html
201419,1/1/2014,"101,557","1,622","1,553",https://www.census.gov/programs-surveys/acs/data.html
201519,1/1/2015,"105,467","1,580","1,562",https://www.census.gov/programs-surveys/acs/data.html
201619,1/1/2016,"107,373","1,717","1,622",https://www.census.gov/programs-surveys/acs/data.html
201719,1/1/2017,"112,950","1,961","1,734",https://www.census.gov/programs-surveys/acs/data.html
201819,1/1/2018,"111,352","2,122","1,857",https://www.census.gov/programs-surveys/acs/data.html
201919,1/1/2019,"120,292","2,162","1,984",https://www.census.gov/programs-surveys/acs/data.html
202019,1/1/2020,"107,363","2,100","1,915",https://www.census.gov/programs-surveys/acs/data.html
202119,1/1/2021,"123,690","2,410","2,087",https://www.census.gov/programs-surveys/acs/data.html
201120,1/1/2011,"85,382","1,524","1,256",https://www.census.gov/programs-surveys/acs/data.html
201220,1/1/2012,"90,055","1,565","1,229",https://www.census.gov/programs-surveys/acs/data.html
201320,1/1/2013,"86,941","1,529","1,217",https://www.census.gov/programs-surveys/acs/data.html
201420,1/1/2014,"83,503","1,701","1,252",https://www.census.gov/programs-surveys/acs/data.html
201520,1/1/2015,"86,976","1,694","1,286",https://www.census.gov/programs-surveys/acs/data.html
201620,1/1/2016,"90,965","1,821","1,310",https://www.census.gov/programs-surveys/acs/data.html
201720,1/1/2017,"89,657","1,903","1,333",https://www.census.gov/programs-surveys/acs/data.html
201820,1/1/2018,"86,599","1,957","1,344",https://www.census.gov/programs-surveys/acs/data.html
201920,1/1/2019,"85,782","1,890","1,343",https://www.census.gov/programs-surveys/acs/data.html
202020,1/1/2020,"89,970","1,967","1,382",https://www.census.gov/programs-surveys/acs/data.html
202120,1/1/2021,"100,798","2,205","1,417",https://www.census.gov/programs-surveys/acs/data.html
201122,1/1/2011,"80,876","2,772","1,111",https://www.census.gov/programs-surveys/acs/data.html
201222,1/1/2012,"78,266","2,772","1,130",https://www.census.gov/programs-surveys/acs/data.html
201322,1/1/2013,"75,346","2,844","1,096",https://www.census.gov/programs-surveys/acs/data.html
201422,1/1/2014,"76,544","2,984","1,138",https://www.census.gov/programs-surveys/acs/data.html
201522,1/1/2015,"79,031","3,013","1,143",https://www.census.gov/programs-surveys/acs/data.html
201622,1/1/2016,"77,519","3,169","1,202",https://www.census.gov/programs-surveys/acs/data.html
201722,1/1/2017,"80,856","3,285","1,206",https://www.census.gov/programs-surveys/acs/data.html
201822,1/1/2018,"75,158","3,371","1,244",https://www.census.gov/programs-surveys/acs/data.html
201922,1/1/2019,"71,535","3,551","1,295",https://www.census.gov/programs-surveys/acs/data.html
202022,1/1/2020,"78,489","3,534","1,310",https://www.census.gov/programs-surveys/acs/data.html
202122,1/1/2021,"84,973","3,795","1,363",https://www.census.gov/programs-surveys/acs/data.html
201123,1/1/2011,"87,297","2,600","2,224",https://www.census.gov/programs-surveys/acs/data.html
201223,1/1/2012,"87,104","2,833","2,262",https://www.census.gov/programs-surveys/acs/data.html
201323,1/1/2013,"84,271","2,794","2,236",https://www.census.gov/programs-surveys/acs/data.html
201423,1/1/2014,"85,550","2,649","2,194",https://www.census.gov/programs-surveys/acs/data.html
201523,1/1/2015,"85,687","2,955","2,312",https://www.census.gov/programs-surveys/acs/data.html
201623,1/1/2016,"83,523","3,492","2,422",https://www.census.gov/programs-surveys/acs/data.html
201723,1/1/2017,"90,270","3,421","2,432",https://www.census.gov/programs-surveys/acs/data.html
201823,1/1/2018,"91,179","3,691","2,506",https://www.census.gov/programs-surveys/acs/data.html
201923,1/1/2019,"92,531","3,734","2,684",https://www.census.gov/programs-surveys/acs/data.html
202023,1/1/2020,"92,705","3,701","2,676",https://www.census.gov/programs-surveys/acs/data.html
202123,1/1/2021,"100,122","3,795","2,639",https://www.census.gov/programs-surveys/acs/data.html
201124,1/1/2011,"63,493","2,681","2,203",https://www.census.gov/programs-surveys/acs/data.html
201224,1/1/2012,"61,954","2,878","2,153",https://www.census.gov/programs-surveys/acs/data.html
201324,1/1/2013,"63,617","3,037","2,147",https://www.census.gov/programs-surveys/acs/data.html
201424,1/1/2014,"65,950","2,886","2,179",https://www.census.gov/programs-surveys/acs/data.html
201524,1/1/2015,"66,883","3,112","2,237",https://www.census.gov/programs-surveys/acs/data.html
201624,1/1/2016,"67,353","3,293","2,314",https://www.census.gov/programs-surveys/acs/data.html
201724,1/1/2017,"69,331","3,343","2,303",https://www.census.gov/programs-surveys/acs/data.html
201824,1/1/2018,"69,419","3,417","2,374",https://www.census.gov/programs-surveys/acs/data.html
201924,1/1/2019,"67,671","3,707","2,461",https://www.census.gov/programs-surveys/acs/data.html
202024,1/1/2020,"69,268","3,554","2,470",https://www.census.gov/programs-surveys/acs/data.html
202124,1/1/2021,"67,144","4,093","2,561",https://www.census.gov/programs-surveys/acs/data.html
201125,1/1/2011,"81,081","1,574","1,525",https://www.census.gov/programs-surveys/acs/data.html
201225,1/1/2012,"84,519","1,588","1,421",https://www.census.gov/programs-surveys/acs/data.html
201325,1/1/2013,"77,126","1,541","1,319",https://www.census.gov/programs-surveys/acs/data.html
201425,1/1/2014,"74,759","1,435","1,324",https://www.census.gov/programs-surveys/acs/data.html
201525,1/1/2015,"79,546","1,586","1,340",https://www.census.gov/programs-surveys/acs/data.html
201625,1/1/2016,"83,867","1,593","1,405",https://www.census.gov/programs-surveys/acs/data.html
201725,1/1/2017,"84,791","1,605","1,412",https://www.census.gov/programs-surveys/acs/data.html
201825,1/1/2018,"85,020","1,719","1,494",https://www.census.gov/programs-surveys/acs/data.html
201925,1/1/2019,"87,132","1,721","1,561",https://www.census.gov/programs-surveys/acs/data.html
202025,1/1/2020,"88,445","1,749","1,552",https://www.census.gov/programs-surveys/acs/data.html
202125,1/1/2021,"95,992","1,827","1,596",https://www.census.gov/programs-surveys/acs/data.html
201126,1/1/2011,"96,978","3,055","1,682",https://www.census.gov/programs-surveys/acs/data.html
201226,1/1/2012,"100,097","3,025","1,717",https://www.census.gov/programs-surveys/acs/data.html
201326,1/1/2013,"101,516","3,245","1,687",https://www.census.gov/programs-surveys/acs/data.html
201426,1/1/2014,"98,380","3,543","1,763",https://www.census.gov/programs-surveys/acs/data.html
201526,1/1/2015,"100,300","3,728","1,776",https://www.census.gov/programs-surveys/acs/data.html
201626,1/1/2016,"102,658","3,810","1,827",https://www.census.gov/programs-surveys/acs/data.html
201726,1/1/2017,"103,611","3,938","1,878",https://www.census.gov/programs-surveys/acs/data.html
201826,1/1/2018,"102,586","4,376","1,948",https://www.census.gov/programs-surveys/acs/data.html
201926,1/1/2019,"108,838","4,381","2,079",https://www.census.gov/programs-surveys/acs/data.html
202026,1/1/2020,"107,540","4,340","2,046",https://www.census.gov/programs-surveys/acs/data.html
202126,1/1/2021,"108,864","4,785","2,182",https://www.census.gov/programs-surveys/acs/data.html
201127,1/1/2011,"66,042","1,518","1,094",https://www.census.gov/programs-surveys/acs/data.html
201227,1/1/2012,"59,894","1,551","1,021",https://www.census.gov/programs-surveys/acs/data.html
201327,1/1/2013,"50,958","1,610","1,074",https://www.census.gov/programs-surveys/acs/data.html
201427,1/1/2014,"45,663","1,566","1,026",https://www.census.gov/programs-surveys/acs/data.html
201527,1/1/2015,"42,972","1,676","1,068",https://www.census.gov/programs-surveys/acs/data.html
201627,1/1/2016,"42,622","1,669",998,https://www.census.gov/programs-surveys/acs/data.html
201727,1/1/2017,"37,947","1,670","1,054",https://www.census.gov/programs-surveys/acs/data.html
201827,1/1/2018,"36,521","1,609","1,078",https://www.census.gov/programs-surveys/acs/data.html
201927,1/1/2019,"41,391","1,486","1,076",https://www.census.gov/programs-surveys/acs/data.html
202027,1/1/2020,"42,139","1,611","1,091",https://www.census.gov/programs-surveys/acs/data.html
202127,1/1/2021,"43,675","1,551","1,063",https://www.census.gov/programs-surveys/acs/data.html
201129,1/1/2011,"83,385","1,812","1,181",https://www.census.gov/programs-surveys/acs/data.html
201229,1/1/2012,"84,570","1,738","1,153",https://www.census.gov/programs-surveys/acs/data.html
201329,1/1/2013,"80,266","1,809","1,145",https://www.census.gov/programs-surveys/acs/data.html
201429,1/1/2014,"76,434","1,754","1,147",https://www.census.gov/programs-surveys/acs/data.html
201529,1/1/2015,"74,960","1,763","1,126",https://www.census.gov/programs-surveys/acs/data.html
201629,1/1/2016,"68,065","1,786","1,148",https://www.census.gov/programs-surveys/acs/data.html
201729,1/1/2017,"66,976","1,831","1,132",https://www.census.gov/programs-surveys/acs/data.html
201829,1/1/2018,"73,766","1,836","1,144",https://www.census.gov/programs-surveys/acs/data.html
201929,1/1/2019,"71,581","1,854","1,198",https://www.census.gov/programs-surveys/acs/data.html
202029,1/1/2020,"71,321","1,889","1,206",https://www.census.gov/programs-surveys/acs/data.html
202129,1/1/2021,"71,386","1,901","1,233",https://www.census.gov/programs-surveys/acs/data.html
201130,1/1/2011,"83,271","2,412","1,352",https://www.census.gov/programs-surveys/acs/data.html
201230,1/1/2012,"77,313","2,481","1,335",https://www.census.gov/programs-surveys/acs/data.html
201330,1/1/2013,"79,077","2,553","1,354",https://www.census.gov/programs-surveys/acs/data.html
201430,1/1/2014,"74,205","2,734","1,386",https://www.census.gov/programs-surveys/acs/data.html
201530,1/1/2015,"73,598","2,776","1,424",https://www.census.gov/programs-surveys/acs/data.html
201630,1/1/2016,"74,554","2,845","1,375",https://www.census.gov/programs-surveys/acs/data.html
201730,1/1/2017,"76,135","2,914","1,401",https://www.census.gov/programs-surveys/acs/data.html
201830,1/1/2018,"76,355","2,983","1,453",https://www.census.gov/programs-surveys/acs/data.html
201930,1/1/2019,"78,152","3,035","1,472",https://www.census.gov/programs-surveys/acs/data.html
202030,1/1/2020,"79,461","2,999","1,485",https://www.census.gov/programs-surveys/acs/data.html
202130,1/1/2021,"84,578","3,131","1,521",https://www.census.gov/programs-surveys/acs/data.html
201131,1/1/2011,"70,279","3,330","1,321",https://www.census.gov/programs-surveys/acs/data.html
201231,1/1/2012,"67,180","3,298","1,311",https://www.census.gov/programs-surveys/acs/data.html
201331,1/1/2013,"66,464","3,213","1,249",https://www.census.gov/programs-surveys/acs/data.html
201431,1/1/2014,"66,233","3,217","1,312",https://www.census.gov/programs-surveys/acs/data.html
201531,1/1/2015,"65,624","3,197","1,257",https://www.census.gov/programs-surveys/acs/data.html
201631,1/1/2016,"61,728","3,206","1,228",https://www.census.gov/programs-surveys/acs/data.html
201731,1/1/2017,"60,601","3,290","1,229",https://www.census.gov/programs-surveys/acs/data.html
201831,1/1/2018,"63,911","3,134","1,237",https://www.census.gov/programs-surveys/acs/data.html
201931,1/1/2019,"62,052","3,263","1,248",https://www.census.gov/programs-surveys/acs/data.html
202031,1/1/2020,"61,482","3,318","1,302",https://www.census.gov/programs-surveys/acs/data.html
202131,1/1/2021,"61,602","3,469","1,324",https://www.census.gov/programs-surveys/acs/data.html
201132,1/1/2011,"94,541","1,801","1,337",https://www.census.gov/programs-surveys/acs/data.html
201232,1/1/2012,"94,517","1,879","1,313",https://www.census.gov/programs-surveys/acs/data.html
201332,1/1/2013,"89,261","1,851","1,281",https://www.census.gov/programs-surveys/acs/data.html
201432,1/1/2014,"88,720","1,969","1,286",https://www.census.gov/programs-surveys/acs/data.html
201532,1/1/2015,"88,235","2,107","1,311",https://www.census.gov/programs-surveys/acs/data.html
201632,1/1/2016,"89,404","2,047","1,255",https://www.census.gov/programs-surveys/acs/data.html
201732,1/1/2017,"90,357","2,133","1,315",https://www.census.gov/programs-surveys/acs/data.html
201832,1/1/2018,"88,283","2,189","1,312",https://www.census.gov/programs-surveys/acs/data.html
201932,1/1/2019,"89,025","2,366","1,346",https://www.census.gov/programs-surveys/acs/data.html
202032,1/1/2020,"91,564","2,256","1,346",https://www.census.gov/programs-surveys/acs/data.html
202132,1/1/2021,"97,744","2,496","1,409",https://www.census.gov/programs-surveys/acs/data.html
201133,1/1/2011,"57,453","1,811","1,522",https://www.census.gov/programs-surveys/acs/data.html
201233,1/1/2012,"54,581","1,685","1,423",https://www.census.gov/programs-surveys/acs/data.html
201333,1/1/2013,"54,219","1,737","1,413",https://www.census.gov/programs-surveys/acs/data.html
201433,1/1/2014,"53,807","1,800","1,431",https://www.census.gov/programs-surveys/acs/data.html
201533,1/1/2015,"53,245","1,907","1,417",https://www.census.gov/programs-surveys/acs/data.html
201633,1/1/2016,"56,000","1,943","1,485",https://www.census.gov/programs-surveys/acs/data.html
201733,1/1/2017,"56,293","2,133","1,461",https://www.census.gov/programs-surveys/acs/data.html
201833,1/1/2018,"52,973","2,100","1,535",https://www.census.gov/programs-surveys/acs/data.html
201933,1/1/2019,"57,935","2,477","1,641",https://www.census.gov/programs-surveys/acs/data.html
202033,1/1/2020,"55,957","2,255","1,599",https://www.census.gov/programs-surveys/acs/data.html
202133,1/1/2021,"59,354","2,634","1,670",https://www.census.gov/programs-surveys/acs/data.html
201134,1/1/2011,"67,862","1,537","1,222",https://www.census.gov/programs-surveys/acs/data.html
201234,1/1/2012,"66,680","1,456","1,156",https://www.census.gov/programs-surveys/acs/data.html
201334,1/1/2013,"62,427","1,445","1,130",https://www.census.gov/programs-surveys/acs/data.html
201434,1/1/2014,"60,513","1,366","1,083",https://www.census.gov/programs-surveys/acs/data.html
201534,1/1/2015,"62,428","1,403","1,118",https://www.census.gov/programs-surveys/acs/data.html
201634,1/1/2016,"66,825","1,457","1,102",https://www.census.gov/programs-surveys/acs/data.html
201734,1/1/2017,"70,888","1,433","1,118",https://www.census.gov/programs-surveys/acs/data.html
201834,1/1/2018,"64,749","1,526","1,170",https://www.census.gov/programs-surveys/acs/data.html
201934,1/1/2019,"67,900","1,621","1,196",https://www.census.gov/programs-surveys/acs/data.html
202034,1/1/2020,"71,806","1,568","1,212",https://www.census.gov/programs-surveys/acs/data.html
202134,1/1/2021,"70,054","1,714","1,257",https://www.census.gov/programs-surveys/acs/data.html
201135,1/1/2011,"62,018","2,248","1,731",https://www.census.gov/programs-surveys/acs/data.html
201235,1/1/2012,"63,208","2,187","1,632",https://www.census.gov/programs-surveys/acs/data.html
201335,1/1/2013,"57,228","2,149","1,565",https://www.census.gov/programs-surveys/acs/data.html
201435,1/1/2014,"56,923","2,344","1,598",https://www.census.gov/programs-surveys/acs/data.html
201535,1/1/2015,"56,465","2,520","1,622",https://www.census.gov/programs-surveys/acs/data.html
201635,1/1/2016,"61,259","2,697","1,686",https://www.census.gov/programs-surveys/acs/data.html
201735,1/1/2017,"64,971","2,840","1,785",https://www.census.gov/programs-surveys/acs/data.html
201835,1/1/2018,"63,133","3,255","1,853",https://www.census.gov/programs-surveys/acs/data.html
201935,1/1/2019,"64,156","3,503","1,973",https://www.census.gov/programs-surveys/acs/data.html
202035,1/1/2020,"65,804","3,125","1,924",https://www.census.gov/programs-surveys/acs/data.html
202135,1/1/2021,"70,415","3,776","2,071",https://www.census.gov/programs-surveys/acs/data.html
201136,1/1/2011,"65,038","1,126","1,315",https://www.census.gov/programs-surveys/acs/data.html
201236,1/1/2012,"65,505","1,124","1,277",https://www.census.gov/programs-surveys/acs/data.html
201336,1/1/2013,"62,121","1,117","1,271",https://www.census.gov/programs-surveys/acs/data.html
201436,1/1/2014,"63,958","1,177","1,241",https://www.census.gov/programs-surveys/acs/data.html
201536,1/1/2015,"62,360","1,262","1,301",https://www.census.gov/programs-surveys/acs/data.html
201636,1/1/2016,"66,848","1,320","1,374",https://www.census.gov/programs-surveys/acs/data.html
201736,1/1/2017,"71,700","1,311","1,396",https://www.census.gov/programs-surveys/acs/data.html
201836,1/1/2018,"70,445","1,342","1,451",https://www.census.gov/programs-surveys/acs/data.html
201936,1/1/2019,"75,416","1,427","1,511",https://www.census.gov/programs-surveys/acs/data.html
202036,1/1/2020,"75,584","1,393","1,497",https://www.census.gov/programs-surveys/acs/data.html
202136,1/1/2021,"80,572","1,557","1,540",https://www.census.gov/programs-surveys/acs/data.html
201137,1/1/2011,"76,110","1,911","1,319",https://www.census.gov/programs-surveys/acs/data.html
201237,1/1/2012,"71,490","1,966","1,263",https://www.census.gov/programs-surveys/acs/data.html
201337,1/1/2013,"70,546","1,897","1,241",https://www.census.gov/programs-surveys/acs/data.html
201437,1/1/2014,"67,067","1,941","1,282",https://www.census.gov/programs-surveys/acs/data.html
201537,1/1/2015,"70,672","2,123","1,299",https://www.census.gov/programs-surveys/acs/data.html
201637,1/1/2016,"70,667","2,041","1,303",https://www.census.gov/programs-surveys/acs/data.html
201737,1/1/2017,"72,622","2,109","1,307",https://www.census.gov/programs-surveys/acs/data.html
201837,1/1/2018,"70,331","2,286","1,368",https://www.census.gov/programs-surveys/acs/data.html
201937,1/1/2019,"67,297","2,166","1,381",https://www.census.gov/programs-surveys/acs/data.html
202037,1/1/2020,"71,710","2,272","1,391",https://www.census.gov/programs-surveys/acs/data.html
202137,1/1/2021,"77,422","2,501","1,462",https://www.census.gov/programs-surveys/acs/data.html
201138,1/1/2011,"57,995","2,728","1,725",https://www.census.gov/programs-surveys/acs/data.html
201238,1/1/2012,"60,302","2,601","1,719",https://www.census.gov/programs-surveys/acs/data.html
201338,1/1/2013,"55,239","2,697","1,707",https://www.census.gov/programs-surveys/acs/data.html
201438,1/1/2014,"59,899","2,603","1,677",https://www.census.gov/programs-surveys/acs/data.html
201538,1/1/2015,"56,415","2,766","1,699",https://www.census.gov/programs-surveys/acs/data.html
201638,1/1/2016,"55,033","2,919","1,781",https://www.census.gov/programs-surveys/acs/data.html
201738,1/1/2017,"59,535","3,415","1,829",https://www.census.gov/programs-surveys/acs/data.html
201838,1/1/2018,"70,978","3,022","1,806",https://www.census.gov/programs-surveys/acs/data.html
201938,1/1/2019,"70,687","3,821","2,132",https://www.census.gov/programs-surveys/acs/data.html
202038,1/1/2020,"67,420","3,397","1,962",https://www.census.gov/programs-surveys/acs/data.html
202138,1/1/2021,"78,250","3,727","1,975",https://www.census.gov/programs-surveys/acs/data.html
201139,1/1/2011,"67,351","2,651","1,253",https://www.census.gov/programs-surveys/acs/data.html
201239,1/1/2012,"65,497","2,646","1,241",https://www.census.gov/programs-surveys/acs/data.html
201339,1/1/2013,"66,330","2,691","1,255",https://www.census.gov/programs-surveys/acs/data.html
201439,1/1/2014,"66,740","2,781","1,304",https://www.census.gov/programs-surveys/acs/data.html
201539,1/1/2015,"69,606","2,874","1,326",https://www.census.gov/programs-surveys/acs/data.html
201639,1/1/2016,"66,015","2,909","1,331",https://www.census.gov/programs-surveys/acs/data.html
201739,1/1/2017,"71,834","3,002","1,396",https://www.census.gov/programs-surveys/acs/data.html
201839,1/1/2018,"72,246","3,048","1,383",https://www.census.gov/programs-surveys/acs/data.html
201939,1/1/2019,"72,704","3,407","1,461",https://www.census.gov/programs-surveys/acs/data.html
202039,1/1/2020,"74,927","3,253","1,455",https://www.census.gov/programs-surveys/acs/data.html
202139,1/1/2021,"80,503","3,566","1,511",https://www.census.gov/programs-surveys/acs/data.html
201140,1/1/2011,"73,900","1,141","1,448",https://www.census.gov/programs-surveys/acs/data.html
201240,1/1/2012,"73,039","1,093","1,447",https://www.census.gov/programs-surveys/acs/data.html
201340,1/1/2013,"73,236","1,060","1,392",https://www.census.gov/programs-surveys/acs/data.html
201440,1/1/2014,"76,057","1,077","1,374",https://www.census.gov/programs-surveys/acs/data.html
201540,1/1/2015,"75,066","1,139","1,415",https://www.census.gov/programs-surveys/acs/data.html
201640,1/1/2016,"77,871","1,167","1,456",https://www.census.gov/programs-surveys/acs/data.html
201740,1/1/2017,"76,470","1,184","1,487",https://www.census.gov/programs-surveys/acs/data.html
201840,1/1/2018,"77,619","1,285","1,515",https://www.census.gov/programs-surveys/acs/data.html
201940,1/1/2019,"83,701","1,402","1,628",https://www.census.gov/programs-surveys/acs/data.html
202040,1/1/2020,"80,889","1,324","1,606",https://www.census.gov/programs-surveys/acs/data.html
202140,1/1/2021,"87,580","1,587","1,751",https://www.census.gov/programs-surveys/acs/data.html
201141,1/1/2011,"73,441","1,739","1,398",https://www.census.gov/programs-surveys/acs/data.html
201241,1/1/2012,"67,666","1,831","1,400",https://www.census.gov/programs-surveys/acs/data.html
201341,1/1/2013,"70,989","1,821","1,336",https://www.census.gov/programs-surveys/acs/data.html
201441,1/1/2014,"66,763","2,062","1,421",https://www.census.gov/programs-surveys/acs/data.html
201541,1/1/2015,"73,281","2,128","1,432",https://www.census.gov/programs-surveys/acs/data.html
201641,1/1/2016,"68,567","2,301","1,433",https://www.census.gov/programs-surveys/acs/data.html
201741,1/1/2017,"77,908","2,138","1,417",https://www.census.gov/programs-surveys/acs/data.html
201841,1/1/2018,"74,592","2,222","1,447",https://www.census.gov/programs-surveys/acs/data.html
201941,1/1/2019,"72,525","2,289","1,554",https://www.census.gov/programs-surveys/acs/data.html
202041,1/1/2020,"74,301","2,339","1,532",https://www.census.gov/programs-surveys/acs/data.html
202141,1/1/2021,"78,923","2,647","1,630",https://www.census.gov/programs-surveys/acs/data.html
201142,1/1/2011,"86,631","2,331","1,802",https://www.census.gov/programs-surveys/acs/data.html
201242,1/1/2012,"82,245","2,190","1,725",https://www.census.gov/programs-surveys/acs/data.html
201342,1/1/2013,"80,502","2,172","1,731",https://www.census.gov/programs-surveys/acs/data.html
201442,1/1/2014,"82,378","2,209","1,746",https://www.census.gov/programs-surveys/acs/data.html
201542,1/1/2015,"80,658","2,133","1,684",https://www.census.gov/programs-surveys/acs/data.html
201642,1/1/2016,"78,502","2,333","1,709",https://www.census.gov/programs-surveys/acs/data.html
201742,1/1/2017,"82,078","2,383","1,762",https://www.census.gov/programs-surveys/acs/data.html
201842,1/1/2018,"83,963","2,463","1,752",https://www.census.gov/programs-surveys/acs/data.html
201942,1/1/2019,"83,059","2,613","1,797",https://www.census.gov/programs-surveys/acs/data.html
202042,1/1/2020,"84,566","2,511","1,828",https://www.census.gov/programs-surveys/acs/data.html
202142,1/1/2021,"88,748","2,594","1,801",https://www.census.gov/programs-surveys/acs/data.html
201143,1/1/2011,"48,844","2,967","2,126",https://www.census.gov/programs-surveys/acs/data.html
201243,1/1/2012,"49,246","2,954","2,146",https://www.census.gov/programs-surveys/acs/data.html
201343,1/1/2013,"51,780","3,226","1,966",https://www.census.gov/programs-surveys/acs/data.html
201443,1/1/2014,"47,679","3,256","2,047",https://www.census.gov/programs-surveys/acs/data.html
201543,1/1/2015,"48,201","3,642","2,200",https://www.census.gov/programs-surveys/acs/data.html
201643,1/1/2016,"46,074","3,683","2,222",https://www.census.gov/programs-surveys/acs/data.html
201743,1/1/2017,"52,229","4,119","2,380",https://www.census.gov/programs-surveys/acs/data.html
201843,1/1/2018,"52,361","4,326","2,387",https://www.census.gov/programs-surveys/acs/data.html
201943,1/1/2019,"46,940","4,649","2,511",https://www.census.gov/programs-surveys/acs/data.html
202043,1/1/2020,"48,953","4,282","2,490",https://www.census.gov/programs-surveys/acs/data.html
202143,1/1/2021,"49,321","5,222","2,468",https://www.census.gov/programs-surveys/acs/data.html
201144,1/1/2011,"27,896","2,768","1,784",https://www.census.gov/programs-surveys/acs/data.html
201244,1/1/2012,"29,392","2,947","1,721",https://www.census.gov/programs-surveys/acs/data.html
201344,1/1/2013,"26,670","2,897","1,727",https://www.census.gov/programs-surveys/acs/data.html
201444,1/1/2014,"24,668","3,010","1,779",https://www.census.gov/programs-surveys/acs/data.html
201544,1/1/2015,"25,591","2,841","1,814",https://www.census.gov/programs-surveys/acs/data.html
201644,1/1/2016,"28,331","2,851","1,683",https://www.census.gov/programs-surveys/acs/data.html
201744,1/1/2017,"27,801","3,319","1,947",https://www.census.gov/programs-surveys/acs/data.html
201844,1/1/2018,"28,743","3,676","2,219",https://www.census.gov/programs-surveys/acs/data.html
201944,1/1/2019,"28,394","3,232","1,911",https://www.census.gov/programs-surveys/acs/data.html
202044,1/1/2020,"29,616","3,650","2,043",https://www.census.gov/programs-surveys/acs/data.html
202144,1/1/2021,"32,656","3,936","2,308",https://www.census.gov/programs-surveys/acs/data.html
201145,1/1/2011,"48,435","4,266","2,329",https://www.census.gov/programs-surveys/acs/data.html
201245,1/1/2012,"46,451","4,599","2,390",https://www.census.gov/programs-surveys/acs/data.html
201345,1/1/2013,"46,718","4,856","2,270",https://www.census.gov/programs-surveys/acs/data.html
201445,1/1/2014,"46,379","5,141","2,332",https://www.census.gov/programs-surveys/acs/data.html
201545,1/1/2015,"48,118","5,265","2,351",https://www.census.gov/programs-surveys/acs/data.html
201645,1/1/2016,"44,277","6,025","2,599",https://www.census.gov/programs-surveys/acs/data.html
201745,1/1/2017,"45,343","6,131","2,699",https://www.census.gov/programs-surveys/acs/data.html
201845,1/1/2018,"49,447","6,612","2,767",https://www.census.gov/programs-surveys/acs/data.html
201945,1/1/2019,"50,606","6,968","2,857",https://www.census.gov/programs-surveys/acs/data.html
202045,1/1/2020,"47,794","6,779","2,917",https://www.census.gov/programs-surveys/acs/data.html
202145,1/1/2021,"51,720","8,228","3,182",https://www.census.gov/programs-surveys/acs/data.html
201146,1/1/2011,"62,748","2,904","1,589",https://www.census.gov/programs-surveys/acs/data.html
201246,1/1/2012,"60,682","2,962","1,567",https://www.census.gov/programs-surveys/acs/data.html
201346,1/1/2013,"58,575","2,968","1,545",https://www.census.gov/programs-surveys/acs/data.html
201446,1/1/2014,"59,224","2,858","1,533",https://www.census.gov/programs-surveys/acs/data.html
201546,1/1/2015,"60,456","2,987","1,616",https://www.census.gov/programs-surveys/acs/data.html
201646,1/1/2016,"58,323","3,030","1,572",https://www.census.gov/programs-surveys/acs/data.html
201746,1/1/2017,"61,097","3,180","1,631",https://www.census.gov/programs-surveys/acs/data.html
201846,1/1/2018,"60,270","3,298","1,701",https://www.census.gov/programs-surveys/acs/data.html
201946,1/1/2019,"60,935","3,659","1,755",https://www.census.gov/programs-surveys/acs/data.html
202046,1/1/2020,"61,936","3,454","1,732",https://www.census.gov/programs-surveys/acs/data.html
202146,1/1/2021,"68,555","3,690","1,808",https://www.census.gov/programs-surveys/acs/data.html
201147,1/1/2011,"57,441","1,364","1,133",https://www.census.gov/programs-surveys/acs/data.html
201247,1/1/2012,"52,727","1,448","1,142",https://www.census.gov/programs-surveys/acs/data.html
201347,1/1/2013,"51,266","1,488","1,151",https://www.census.gov/programs-surveys/acs/data.html
201447,1/1/2014,"52,731","1,473","1,158",https://www.census.gov/programs-surveys/acs/data.html
201547,1/1/2015,"51,167","1,668","1,210",https://www.census.gov/programs-surveys/acs/data.html
201647,1/1/2016,"49,832","1,616","1,168",https://www.census.gov/programs-surveys/acs/data.html
201747,1/1/2017,"48,291","1,708","1,175",https://www.census.gov/programs-surveys/acs/data.html
201847,1/1/2018,"45,634","1,842","1,269",https://www.census.gov/programs-surveys/acs/data.html
201947,1/1/2019,"49,961","1,846","1,265",https://www.census.gov/programs-surveys/acs/data.html
202047,1/1/2020,"48,387","1,807","1,274",https://www.census.gov/programs-surveys/acs/data.html
202147,1/1/2021,"50,494","1,934","1,313",https://www.census.gov/programs-surveys/acs/data.html
201148,1/1/2011,"47,630","2,254","1,604",https://www.census.gov/programs-surveys/acs/data.html
201248,1/1/2012,"49,466","2,367","1,514",https://www.census.gov/programs-surveys/acs/data.html
201348,1/1/2013,"44,777","2,500","1,541",https://www.census.gov/programs-surveys/acs/data.html
201448,1/1/2014,"49,602","2,541","1,585",https://www.census.gov/programs-surveys/acs/data.html
201548,1/1/2015,"51,329","2,632","1,565",https://www.census.gov/programs-surveys/acs/data.html
201648,1/1/2016,"50,896","2,759","1,577",https://www.census.gov/programs-surveys/acs/data.html
201748,1/1/2017,"50,374","2,736","1,586",https://www.census.gov/programs-surveys/acs/data.html
201848,1/1/2018,"54,616","3,223","1,684",https://www.census.gov/programs-surveys/acs/data.html
201948,1/1/2019,"49,412","3,016","1,718",https://www.census.gov/programs-surveys/acs/data.html
202048,1/1/2020,"52,267","3,036","1,753",https://www.census.gov/programs-surveys/acs/data.html
202148,1/1/2021,"56,648","3,498","1,763",https://www.census.gov/programs-surveys/acs/data.html
201149,1/1/2011,"61,434","1,548","1,148",https://www.census.gov/programs-surveys/acs/data.html
201249,1/1/2012,"60,191","1,603","1,149",https://www.census.gov/programs-surveys/acs/data.html
201349,1/1/2013,"56,518","1,593","1,146",https://www.census.gov/programs-surveys/acs/data.html
201449,1/1/2014,"57,056","1,647","1,179",https://www.census.gov/programs-surveys/acs/data.html
201549,1/1/2015,"54,961","1,603","1,174",https://www.census.gov/programs-surveys/acs/data.html
201649,1/1/2016,"57,960","1,585","1,122",https://www.census.gov/programs-surveys/acs/data.html
201749,1/1/2017,"57,068","1,768","1,232",https://www.census.gov/programs-surveys/acs/data.html
201849,1/1/2018,"57,622","1,863","1,236",https://www.census.gov/programs-surveys/acs/data.html
201949,1/1/2019,"57,210","1,792","1,255",https://www.census.gov/programs-surveys/acs/data.html
202049,1/1/2020,"55,965","1,817","1,252",https://www.census.gov/programs-surveys/acs/data.html
202149,1/1/2021,"56,370","2,033","1,281",https://www.census.gov/programs-surveys/acs/data.html
201150,1/1/2011,"54,520","2,880","1,365",https://www.census.gov/programs-surveys/acs/data.html
201250,1/1/2012,"53,311","3,174","1,355",https://www.census.gov/programs-surveys/acs/data.html
201350,1/1/2013,"55,983","3,073","1,318",https://www.census.gov/programs-surveys/acs/data.html
201450,1/1/2014,"50,032","3,151","1,387",https://www.census.gov/programs-surveys/acs/data.html
201550,1/1/2015,"48,589","3,397","1,417",https://www.census.gov/programs-surveys/acs/data.html
201650,1/1/2016,"52,113","3,194","1,331",https://www.census.gov/programs-surveys/acs/data.html
201750,1/1/2017,"46,413","3,521","1,426",https://www.census.gov/programs-surveys/acs/data.html
201850,1/1/2018,"45,759","3,793","1,504",https://www.census.gov/programs-surveys/acs/data.html
201950,1/1/2019,"43,797","4,310","1,639",https://www.census.gov/programs-surveys/acs/data.html
202050,1/1/2020,"48,205","3,903","1,548",https://www.census.gov/programs-surveys/acs/data.html
202150,1/1/2021,"46,456","4,727","1,705",https://www.census.gov/programs-surveys/acs/data.html
201151,1/1/2011,"56,059","1,224","1,384",https://www.census.gov/programs-surveys/acs/data.html
201251,1/1/2012,"55,251","1,276","1,403",https://www.census.gov/programs-surveys/acs/data.html
201351,1/1/2013,"53,516","1,301","1,374",https://www.census.gov/programs-surveys/acs/data.html
201451,1/1/2014,"55,969","1,281","1,358",https://www.census.gov/programs-surveys/acs/data.html
201551,1/1/2015,"57,067","1,295","1,411",https://www.census.gov/programs-surveys/acs/data.html
201651,1/1/2016,"57,748","1,358","1,434",https://www.census.gov/programs-surveys/acs/data.html
201751,1/1/2017,"60,209","1,535","1,563",https://www.census.gov/programs-surveys/acs/data.html
201851,1/1/2018,"62,609","1,668","1,613",https://www.census.gov/programs-surveys/acs/data.html
201951,1/1/2019,"66,030","1,812","1,747",https://www.census.gov/programs-surveys/acs/data.html
202051,1/1/2020,"62,912","1,706","1,685",https://www.census.gov/programs-surveys/acs/data.html
202151,1/1/2021,"66,791","2,209","1,876",https://www.census.gov/programs-surveys/acs/data.html
201152,1/1/2011,"45,806","1,624","1,497",https://www.census.gov/programs-surveys/acs/data.html
201252,1/1/2012,"46,754","1,691","1,400",https://www.census.gov/programs-surveys/acs/data.html
201352,1/1/2013,"50,224","1,889","1,455",https://www.census.gov/programs-surveys/acs/data.html
201452,1/1/2014,"43,325","1,614","1,381",https://www.census.gov/programs-surveys/acs/data.html
201552,1/1/2015,"45,804","2,079","1,479",https://www.census.gov/programs-surveys/acs/data.html
201652,1/1/2016,"46,834","2,195","1,500",https://www.census.gov/programs-surveys/acs/data.html
201752,1/1/2017,"46,035","2,000","1,488",https://www.census.gov/programs-surveys/acs/data.html
201852,1/1/2018,"48,848","2,449","1,622",https://www.census.gov/programs-surveys/acs/data.html
201952,1/1/2019,"52,793","2,487","1,645",https://www.census.gov/programs-surveys/acs/data.html
202052,1/1/2020,"50,308","2,404","1,632",https://www.census.gov/programs-surveys/acs/data.html
202152,1/1/2021,"53,063","3,168","1,750",https://www.census.gov/programs-surveys/acs/data.html
201153,1/1/2011,"37,204","1,493","1,548",https://www.census.gov/programs-surveys/acs/data.html
201253,1/1/2012,"40,603","1,740","1,527",https://www.census.gov/programs-surveys/acs/data.html
201353,1/1/2013,"39,785","1,745","1,512",https://www.census.gov/programs-surveys/acs/data.html
201453,1/1/2014,"37,232","2,111","1,644",https://www.census.gov/programs-surveys/acs/data.html
201553,1/1/2015,"39,799","1,928","1,611",https://www.census.gov/programs-surveys/acs/data.html
201653,1/1/2016,"40,834","2,108","1,651",https://www.census.gov/programs-surveys/acs/data.html
201753,1/1/2017,"40,155","2,256","1,634",https://www.census.gov/programs-surveys/acs/data.html
201853,1/1/2018,"38,466","2,132","1,637",https://www.census.gov/programs-surveys/acs/data.html
201953,1/1/2019,"42,536","2,345","1,683",https://www.census.gov/programs-surveys/acs/data.html
202053,1/1/2020,"41,653","2,238","1,703",https://www.census.gov/programs-surveys/acs/data.html
202153,1/1/2021,"47,733","2,604","1,753",https://www.census.gov/programs-surveys/acs/data.html
201154,1/1/2011,"49,115","1,352","1,026",https://www.census.gov/programs-surveys/acs/data.html
201254,1/1/2012,"43,071","1,398","1,024",https://www.census.gov/programs-surveys/acs/data.html
201354,1/1/2013,"45,603","1,372","1,000",https://www.census.gov/programs-surveys/acs/data.html
201454,1/1/2014,"38,638","1,403",968,https://www.census.gov/programs-surveys/acs/data.html
201554,1/1/2015,"38,596","1,550",962,https://www.census.gov/programs-surveys/acs/data.html
201654,1/1/2016,"38,937","1,500",957,https://www.census.gov/programs-surveys/acs/data.html
201754,1/1/2017,"38,843","1,547",910,https://www.census.gov/programs-surveys/acs/data.html
201854,1/1/2018,"37,751","1,649",952,https://www.census.gov/programs-surveys/acs/data.html
201954,1/1/2019,"36,191","1,776",995,https://www.census.gov/programs-surveys/acs/data.html
202054,1/1/2020,"39,974","1,711","1,001",https://www.census.gov/programs-surveys/acs/data.html
202154,1/1/2021,"34,401","1,809",987,https://www.census.gov/programs-surveys/acs/data.html
201155,1/1/2011,"35,739","3,515","2,244",https://www.census.gov/programs-surveys/acs/data.html
201255,1/1/2012,"32,552","3,331","2,228",https://www.census.gov/programs-surveys/acs/data.html
201355,1/1/2013,"36,075","3,680","2,138",https://www.census.gov/programs-surveys/acs/data.html
201455,1/1/2014,"36,179","3,642","2,197",https://www.census.gov/programs-surveys/acs/data.html
201555,1/1/2015,"31,488","3,867","2,238",https://www.census.gov/programs-surveys/acs/data.html
201655,1/1/2016,"30,093","3,926","2,320",https://www.census.gov/programs-surveys/acs/data.html
201755,1/1/2017,"31,544","4,142","2,356",https://www.census.gov/programs-surveys/acs/data.html
201855,1/1/2018,"34,963","4,620","2,512",https://www.census.gov/programs-surveys/acs/data.html
201955,1/1/2019,"35,418","4,954","2,563",https://www.census.gov/programs-surveys/acs/data.html
202055,1/1/2020,"33,801","4,600","2,517",https://www.census.gov/programs-surveys/acs/data.html
202155,1/1/2021,"36,875","5,429","2,672",https://www.census.gov/programs-surveys/acs/data.html
201157,1/1/2011,"47,982","1,985","1,696",https://www.census.gov/programs-surveys/acs/data.html
201257,1/1/2012,"45,602","1,812","1,648",https://www.census.gov/programs-surveys/acs/data.html
201357,1/1/2013,"47,953","1,792","1,486",https://www.census.gov/programs-surveys/acs/data.html
201457,1/1/2014,"44,597","1,848","1,504",https://www.census.gov/programs-surveys/acs/data.html
201557,1/1/2015,"51,884","1,906","1,555",https://www.census.gov/programs-surveys/acs/data.html
201657,1/1/2016,"50,864","1,798","1,487",https://www.census.gov/programs-surveys/acs/data.html
201757,1/1/2017,"53,256","1,869","1,626",https://www.census.gov/programs-surveys/acs/data.html
201857,1/1/2018,"56,266","1,878","1,643",https://www.census.gov/programs-surveys/acs/data.html
201957,1/1/2019,"54,938","2,128","1,778",https://www.census.gov/programs-surveys/acs/data.html
202057,1/1/2020,"54,514","1,979","1,719",https://www.census.gov/programs-surveys/acs/data.html
202157,1/1/2021,"55,593","2,240","1,727",https://www.census.gov/programs-surveys/acs/data.html
201158,1/1/2011,"34,179","1,916","1,530",https://www.census.gov/programs-surveys/acs/data.html
201258,1/1/2012,"33,857","1,840","1,474",https://www.census.gov/programs-surveys/acs/data.html
201358,1/1/2013,"30,405","1,859","1,471",https://www.census.gov/programs-surveys/acs/data.html
201458,1/1/2014,"31,957","1,999","1,423",https://www.census.gov/programs-surveys/acs/data.html
201558,1/1/2015,"33,893","2,236","1,523",https://www.census.gov/programs-surveys/acs/data.html
201658,1/1/2016,"31,669","2,314","1,566",https://www.census.gov/programs-surveys/acs/data.html
201758,1/1/2017,"33,938","2,471","1,666",https://www.census.gov/programs-surveys/acs/data.html
201858,1/1/2018,"29,325","2,597","1,675",https://www.census.gov/programs-surveys/acs/data.html
201958,1/1/2019,"31,439","2,748","1,650",https://www.census.gov/programs-surveys/acs/data.html
202058,1/1/2020,"32,940","2,659","1,715",https://www.census.gov/programs-surveys/acs/data.html
202158,1/1/2021,"36,674","3,130","1,868",https://www.census.gov/programs-surveys/acs/data.html
201160,1/1/2011,"35,431","2,581","1,304",https://www.census.gov/programs-surveys/acs/data.html
201260,1/1/2012,"37,072","2,594","1,336",https://www.census.gov/programs-surveys/acs/data.html
201360,1/1/2013,"37,160","2,672","1,288",https://www.census.gov/programs-surveys/acs/data.html
201460,1/1/2014,"37,005","2,845","1,350",https://www.census.gov/programs-surveys/acs/data.html
201560,1/1/2015,"34,216","2,662","1,325",https://www.census.gov/programs-surveys/acs/data.html
201660,1/1/2016,"36,436","3,006","1,382",https://www.census.gov/programs-surveys/acs/data.html
201760,1/1/2017,"34,813","3,424","1,464",https://www.census.gov/programs-surveys/acs/data.html
201860,1/1/2018,"36,078","3,475","1,505",https://www.census.gov/programs-surveys/acs/data.html
201960,1/1/2019,"38,253","3,453","1,557",https://www.census.gov/programs-surveys/acs/data.html
202060,1/1/2020,"36,678","3,450","1,547",https://www.census.gov/programs-surveys/acs/data.html
202160,1/1/2021,"37,907","3,902","1,567",https://www.census.gov/programs-surveys/acs/data.html
201161,1/1/2011,"38,518","1,983","1,795",https://www.census.gov/programs-surveys/acs/data.html
201261,1/1/2012,"39,653","2,119","1,771",https://www.census.gov/programs-surveys/acs/data.html
201361,1/1/2013,"37,935","2,259","1,705",https://www.census.gov/programs-surveys/acs/data.html
201461,1/1/2014,"37,171","2,240","1,699",https://www.census.gov/programs-surveys/acs/data.html
201561,1/1/2015,"38,121","2,616","1,731",https://www.census.gov/programs-surveys/acs/data.html
201661,1/1/2016,"36,123","2,677","1,798",https://www.census.gov/programs-surveys/acs/data.html
201761,1/1/2017,"34,518","2,969","1,848",https://www.census.gov/programs-surveys/acs/data.html
201861,1/1/2018,"34,258","2,938","1,844",https://www.census.gov/programs-surveys/acs/data.html
201961,1/1/2019,"34,750","3,162","1,989",https://www.census.gov/programs-surveys/acs/data.html
202061,1/1/2020,"36,384","3,047","1,986",https://www.census.gov/programs-surveys/acs/data.html
202161,1/1/2021,"39,744","3,530","2,061",https://www.census.gov/programs-surveys/acs/data.html
201162,1/1/2011,"28,276","2,828","2,018",https://www.census.gov/programs-surveys/acs/data.html
201262,1/1/2012,"24,206","2,795","1,889",https://www.census.gov/programs-surveys/acs/data.html
201362,1/1/2013,"22,350","2,563","1,848",https://www.census.gov/programs-surveys/acs/data.html
201462,1/1/2014,"25,104","2,830","1,794",https://www.census.gov/programs-surveys/acs/data.html
201562,1/1/2015,"23,464","3,119","1,933",https://www.census.gov/programs-surveys/acs/data.html
201662,1/1/2016,"23,035","3,132","1,932",https://www.census.gov/programs-surveys/acs/data.html
201762,1/1/2017,"23,684","3,507","2,133",https://www.census.gov/programs-surveys/acs/data.html
201862,1/1/2018,"24,675","3,554","2,048",https://www.census.gov/programs-surveys/acs/data.html
201962,1/1/2019,"22,473","4,007","2,179",https://www.census.gov/programs-surveys/acs/data.html
202062,1/1/2020,"24,880","3,667","2,142",https://www.census.gov/programs-surveys/acs/data.html
202162,1/1/2021,"25,378","4,487","2,387",https://www.census.gov/programs-surveys/acs/data.html
201163,1/1/2011,"27,629","1,860","1,679",https://www.census.gov/programs-surveys/acs/data.html
201263,1/1/2012,"28,413","1,589","1,403",https://www.census.gov/programs-surveys/acs/data.html
201363,1/1/2013,"26,097","1,668","1,387",https://www.census.gov/programs-surveys/acs/data.html
201463,1/1/2014,"23,921","1,888","1,370",https://www.census.gov/programs-surveys/acs/data.html
201563,1/1/2015,"24,837","2,342","1,577",https://www.census.gov/programs-surveys/acs/data.html
201663,1/1/2016,"27,606","2,113","1,490",https://www.census.gov/programs-surveys/acs/data.html
201763,1/1/2017,"24,821","2,227","1,472",https://www.census.gov/programs-surveys/acs/data.html
201863,1/1/2018,"28,994","2,589","1,579",https://www.census.gov/programs-surveys/acs/data.html
201963,1/1/2019,"28,545","2,749","1,659",https://www.census.gov/programs-surveys/acs/data.html
202063,1/1/2020,"29,121","2,624","1,674",https://www.census.gov/programs-surveys/acs/data.html
202163,1/1/2021,"33,038","3,023","1,817",https://www.census.gov/programs-surveys/acs/data.html
201164,1/1/2011,"31,037","5,301","2,905",https://www.census.gov/programs-surveys/acs/data.html
201264,1/1/2012,"30,297","5,459","2,853",https://www.census.gov/programs-surveys/acs/data.html
201364,1/1/2013,"33,027","5,606","2,704",https://www.census.gov/programs-surveys/acs/data.html
201464,1/1/2014,"31,302","5,983","2,737",https://www.census.gov/programs-surveys/acs/data.html
201564,1/1/2015,"29,106","6,956","2,874",https://www.census.gov/programs-surveys/acs/data.html
201664,1/1/2016,"34,700","7,207","3,175",https://www.census.gov/programs-surveys/acs/data.html
201764,1/1/2017,"34,567","6,735","3,024",https://www.census.gov/programs-surveys/acs/data.html
201864,1/1/2018,"32,455","7,042","3,069",https://www.census.gov/programs-surveys/acs/data.html
201964,1/1/2019,"28,629","8,816","3,246",https://www.census.gov/programs-surveys/acs/data.html
202064,1/1/2020,"30,453","7,624","3,334",https://www.census.gov/programs-surveys/acs/data.html
202164,1/1/2021,"32,261","9,425","3,552",https://www.census.gov/programs-surveys/acs/data.html
201165,1/1/2011,"38,104","2,300","1,266",https://www.census.gov/programs-surveys/acs/data.html
201265,1/1/2012,"35,785","2,124","1,236",https://www.census.gov/programs-surveys/acs/data.html
201365,1/1/2013,"36,188","2,245","1,211",https://www.census.gov/programs-surveys/acs/data.html
201465,1/1/2014,"34,376","2,410","1,219",https://www.census.gov/programs-surveys/acs/data.html
201565,1/1/2015,"35,695","2,445","1,209",https://www.census.gov/programs-surveys/acs/data.html
201665,1/1/2016,"36,280","2,351","1,237",https://www.census.gov/programs-surveys/acs/data.html
201765,1/1/2017,"38,117","2,508","1,269",https://www.census.gov/programs-surveys/acs/data.html
201865,1/1/2018,"33,850","2,746","1,341",https://www.census.gov/programs-surveys/acs/data.html
201965,1/1/2019,"35,748","2,844","1,395",https://www.census.gov/programs-surveys/acs/data.html
202065,1/1/2020,"36,805","2,667","1,353",https://www.census.gov/programs-surveys/acs/data.html
202165,1/1/2021,"36,710","3,000","1,359",https://www.census.gov/programs-surveys/acs/data.html
201166,1/1/2011,"13,608","4,982","2,201",https://www.census.gov/programs-surveys/acs/data.html
201266,1/1/2012,"15,611","5,690","2,162",https://www.census.gov/programs-surveys/acs/data.html
201366,1/1/2013,"15,236","5,578","2,156",https://www.census.gov/programs-surveys/acs/data.html
201466,1/1/2014,"15,805","5,547","2,058",https://www.census.gov/programs-surveys/acs/data.html
201566,1/1/2015,"14,722","5,650","1,981",https://www.census.gov/programs-surveys/acs/data.html
201666,1/1/2016,"14,021","5,895","2,040",https://www.census.gov/programs-surveys/acs/data.html
201766,1/1/2017,"17,112","5,849","2,159",https://www.census.gov/programs-surveys/acs/data.html
201866,1/1/2018,"15,804","6,420","2,067",https://www.census.gov/programs-surveys/acs/data.html
201966,1/1/2019,"16,869","6,309","2,184",https://www.census.gov/programs-surveys/acs/data.html
202066,1/1/2020,"16,587","6,309","2,194",https://www.census.gov/programs-surveys/acs/data.html
202166,1/1/2021,"16,603","7,551","2,255",https://www.census.gov/programs-surveys/acs/data.html
201167,1/1/2011,"41,184","2,419","1,457",https://www.census.gov/programs-surveys/acs/data.html
201267,1/1/2012,"42,328","2,427","1,416",https://www.census.gov/programs-surveys/acs/data.html
201367,1/1/2013,"39,284","2,378","1,477",https://www.census.gov/programs-surveys/acs/data.html
201467,1/1/2014,"37,410","2,507","1,461",https://www.census.gov/programs-surveys/acs/data.html
201567,1/1/2015,"39,252","2,566","1,410",https://www.census.gov/programs-surveys/acs/data.html
201667,1/1/2016,"40,112","2,598","1,468",https://www.census.gov/programs-surveys/acs/data.html
201767,1/1/2017,"39,605","2,760","1,474",https://www.census.gov/programs-surveys/acs/data.html
201867,1/1/2018,"40,472","2,773","1,489",https://www.census.gov/programs-surveys/acs/data.html
201967,1/1/2019,"42,205","3,063","1,578",https://www.census.gov/programs-surveys/acs/data.html
202067,1/1/2020,"41,304","2,877","1,559",https://www.census.gov/programs-surveys/acs/data.html
202167,1/1/2021,"47,031","3,322","1,643",https://www.census.gov/programs-surveys/acs/data.html
201168,1/1/2011,"36,872","1,622","1,059",https://www.census.gov/programs-surveys/acs/data.html
201268,1/1/2012,"37,395","1,664","1,030",https://www.census.gov/programs-surveys/acs/data.html
201368,1/1/2013,"38,393","1,722","1,048",https://www.census.gov/programs-surveys/acs/data.html
201468,1/1/2014,"35,106","1,783","1,099",https://www.census.gov/programs-surveys/acs/data.html
201568,1/1/2015,"34,741","1,800","1,079",https://www.census.gov/programs-surveys/acs/data.html
201668,1/1/2016,"37,418","2,035","1,109",https://www.census.gov/programs-surveys/acs/data.html
201768,1/1/2017,"38,134","1,817","1,168",https://www.census.gov/programs-surveys/acs/data.html
201868,1/1/2018,"37,711","1,832","1,150",https://www.census.gov/programs-surveys/acs/data.html
201968,1/1/2019,"35,079","1,926","1,173",https://www.census.gov/programs-surveys/acs/data.html
202068,1/1/2020,"37,081","1,890","1,185",https://www.census.gov/programs-surveys/acs/data.html
202168,1/1/2021,"37,784","2,022","1,275",https://www.census.gov/programs-surveys/acs/data.html
201169,1/1/2011,"48,080","1,827","1,198",https://www.census.gov/programs-surveys/acs/data.html
201269,1/1/2012,"41,419","1,674","1,152",https://www.census.gov/programs-surveys/acs/data.html
201369,1/1/2013,"41,237","1,963","1,209",https://www.census.gov/programs-surveys/acs/data.html
201469,1/1/2014,"40,367","1,792","1,184",https://www.census.gov/programs-surveys/acs/data.html
201569,1/1/2015,"41,589","1,836","1,162",https://www.census.gov/programs-surveys/acs/data.html
201669,1/1/2016,"40,108","1,841","1,158",https://www.census.gov/programs-surveys/acs/data.html
201769,1/1/2017,"41,298","1,904","1,170",https://www.census.gov/programs-surveys/acs/data.html
201869,1/1/2018,"40,031","1,866","1,158",https://www.census.gov/programs-surveys/acs/data.html
201969,1/1/2019,"40,322","1,892","1,207",https://www.census.gov/programs-surveys/acs/data.html
202069,1/1/2020,"40,132","1,976","1,206",https://www.census.gov/programs-surveys/acs/data.html
202169,1/1/2021,"44,909","1,947","1,240",https://www.census.gov/programs-surveys/acs/data.html
201170,1/1/2011,"41,817","1,287","1,151",https://www.census.gov/programs-surveys/acs/data.html
201270,1/1/2012,"41,475","1,334","1,197",https://www.census.gov/programs-surveys/acs/data.html
201370,1/1/2013,"40,290","1,327","1,096",https://www.census.gov/programs-surveys/acs/data.html
201470,1/1/2014,"38,264","1,262","1,149",https://www.census.gov/programs-surveys/acs/data.html
201570,1/1/2015,"40,441","1,464","1,227",https://www.census.gov/programs-surveys/acs/data.html
201670,1/1/2016,"40,238","1,462","1,192",https://www.census.gov/programs-surveys/acs/data.html
201770,1/1/2017,"38,799","1,651","1,220",https://www.census.gov/programs-surveys/acs/data.html
201870,1/1/2018,"40,061","1,970","1,278",https://www.census.gov/programs-surveys/acs/data.html
201970,1/1/2019,"41,499","1,850","1,290",https://www.census.gov/programs-surveys/acs/data.html
202070,1/1/2020,"40,420","1,701","1,281",https://www.census.gov/programs-surveys/acs/data.html
202170,1/1/2021,"41,018","1,949","1,294",https://www.census.gov/programs-surveys/acs/data.html
201171,1/1/2011,"42,554","2,766","1,264",https://www.census.gov/programs-surveys/acs/data.html
201271,1/1/2012,"42,396","2,764","1,255",https://www.census.gov/programs-surveys/acs/data.html
201371,1/1/2013,"43,281","2,761","1,214",https://www.census.gov/programs-surveys/acs/data.html
201471,1/1/2014,"42,716","2,840","1,219",https://www.census.gov/programs-surveys/acs/data.html
201571,1/1/2015,"43,235","2,844","1,278",https://www.census.gov/programs-surveys/acs/data.html
201671,1/1/2016,"42,842","2,939","1,279",https://www.census.gov/programs-surveys/acs/data.html
201771,1/1/2017,"45,264","3,071","1,342",https://www.census.gov/programs-surveys/acs/data.html
201871,1/1/2018,"42,703","3,064","1,335",https://www.census.gov/programs-surveys/acs/data.html
201971,1/1/2019,"43,692","3,171","1,372",https://www.census.gov/programs-surveys/acs/data.html
202071,1/1/2020,"42,551","3,238","1,396",https://www.census.gov/programs-surveys/acs/data.html
202171,1/1/2021,"44,764","3,710","1,444",https://www.census.gov/programs-surveys/acs/data.html
201172,1/1/2011,"47,819","4,461","1,894",https://www.census.gov/programs-surveys/acs/data.html
201272,1/1/2012,"46,560","3,939","1,748",https://www.census.gov/programs-surveys/acs/data.html
201372,1/1/2013,"44,888","4,445","1,822",https://www.census.gov/programs-surveys/acs/data.html
201472,1/1/2014,"44,164","4,441","1,890",https://www.census.gov/programs-surveys/acs/data.html
201572,1/1/2015,"42,213","4,985","1,948",https://www.census.gov/programs-surveys/acs/data.html
201672,1/1/2016,"43,642","5,130","1,912",https://www.census.gov/programs-surveys/acs/data.html
201772,1/1/2017,"38,653","5,588","1,951",https://www.census.gov/programs-surveys/acs/data.html
201872,1/1/2018,"37,495","5,904","2,116",https://www.census.gov/programs-surveys/acs/data.html
201972,1/1/2019,"37,810","6,593","2,355",https://www.census.gov/programs-surveys/acs/data.html
202072,1/1/2020,"40,707","6,119","2,201",https://www.census.gov/programs-surveys/acs/data.html
202172,1/1/2021,"37,102","6,222","2,265",https://www.census.gov/programs-surveys/acs/data.html
201173,1/1/2011,"47,437","3,857","1,923",https://www.census.gov/programs-surveys/acs/data.html
201273,1/1/2012,"46,132","3,845","1,995",https://www.census.gov/programs-surveys/acs/data.html
201373,1/1/2013,"43,595","3,941","1,919",https://www.census.gov/programs-surveys/acs/data.html
201473,1/1/2014,"45,136","4,003","1,910",https://www.census.gov/programs-surveys/acs/data.html
201573,1/1/2015,"45,387","3,901","1,974",https://www.census.gov/programs-surveys/acs/data.html
201673,1/1/2016,"44,816","4,361","2,072",https://www.census.gov/programs-surveys/acs/data.html
201773,1/1/2017,"45,264","4,068","2,019",https://www.census.gov/programs-surveys/acs/data.html
201873,1/1/2018,"46,513","4,453","2,115",https://www.census.gov/programs-surveys/acs/data.html
201973,1/1/2019,"43,057","4,319","1,976",https://www.census.gov/programs-surveys/acs/data.html
202073,1/1/2020,"45,953","4,417","2,148",https://www.census.gov/programs-surveys/acs/data.html
202173,1/1/2021,"49,621","4,539","2,075",https://www.census.gov/programs-surveys/acs/data.html
201174,1/1/2011,"37,498","2,308","1,398",https://www.census.gov/programs-surveys/acs/data.html
201274,1/1/2012,"39,749","2,305","1,362",https://www.census.gov/programs-surveys/acs/data.html
201374,1/1/2013,"37,356","2,350","1,340",https://www.census.gov/programs-surveys/acs/data.html
201474,1/1/2014,"37,837","2,378","1,351",https://www.census.gov/programs-surveys/acs/data.html
201574,1/1/2015,"37,402","2,450","1,361",https://www.census.gov/programs-surveys/acs/data.html
201674,1/1/2016,"36,899","2,528","1,384",https://www.census.gov/programs-surveys/acs/data.html
201774,1/1/2017,"39,760","2,744","1,413",https://www.census.gov/programs-surveys/acs/data.html
201874,1/1/2018,"43,239","2,652","1,411",https://www.census.gov/programs-surveys/acs/data.html
201974,1/1/2019,"46,167","2,520","1,377",https://www.census.gov/programs-surveys/acs/data.html
202074,1/1/2020,"43,746","2,705","1,464",https://www.census.gov/programs-surveys/acs/data.html
202174,1/1/2021,"47,533","2,898","1,600",https://www.census.gov/programs-surveys/acs/data.html
201175,1/1/2011,"21,491","6,530","2,736",https://www.census.gov/programs-surveys/acs/data.html
201275,1/1/2012,"21,377","6,687","2,448",https://www.census.gov/programs-surveys/acs/data.html
201375,1/1/2013,"18,316","6,773","2,453",https://www.census.gov/programs-surveys/acs/data.html
201475,1/1/2014,"20,430","7,476","2,542",https://www.census.gov/programs-surveys/acs/data.html
201575,1/1/2015,"18,416","7,046","2,578",https://www.census.gov/programs-surveys/acs/data.html
201675,1/1/2016,"19,491","7,199","2,624",https://www.census.gov/programs-surveys/acs/data.html
201775,1/1/2017,"21,953","7,792","2,604",https://www.census.gov/programs-surveys/acs/data.html
201875,1/1/2018,"22,269","7,416","2,579",https://www.census.gov/programs-surveys/acs/data.html
201975,1/1/2019,"24,300","6,686","2,536",https://www.census.gov/programs-surveys/acs/data.html
202075,1/1/2020,"22,196","7,438","2,735",https://www.census.gov/programs-surveys/acs/data.html
202175,1/1/2021,"21,710","8,171","2,777",https://www.census.gov/programs-surveys/acs/data.html
